iid,name,cat_id
151,帅牌特一粉2.5kg,294
217,唐人神美味腊肉350g,742
295,金健 泰香米5kg,286
298,金健原装泰香那米 5kg  泰香那米 、口味非一般哟~,286
299,金健桃花香米10kg   绿色健康大米，优质籼米！,286
302,金龙鱼优质丝苗米10kg,286
304,香纳兰纯正泰国香米10kg,286
305,金龙鱼优质东北大米5kg,286
313,金健桃花香米5kg  金健米，自然香！,286
314,香满园特选丝苗米5kg,286
321,五湖优质东北大米10kg,286
389,统一 TP蜜桃多250ml,207
432,红牛 原味型250ml 维他命饮料,212
469,银鹭  好粥道   莲子玉米粥   280g/罐,213
470,银鹭 好粥道黑米粥280g,213
471,银鹭   桂圆八宝粥   360g,213
472,银鹭 桂圆莲子八宝粥  360g,213
474,银鹭  好粥道椰奶燕麦粥   280g/罐,213
482,蒙牛 特仑苏250ml*12/盒,216
484,蒙牛 特仑苏有机牛奶250ml*12,216
508,乐事清新清爽黄瓜味薯片45g,191
509,乐事美国经典原味薯片75g,191
510,乐事  清新清爽薯片（黄瓜味）75g,191
511,乐事墨西哥鸡汁番茄味薯片75g,191
512,乐事无限清新清爽翡翠黄瓜味薯片104g,191
514,乐事美国经典原味薯片45g,191
515,乐事墨西哥鸡汁番茄味薯片45g,191
516,乐事无限忠于原味薯片104g,191
517,乐事无限鲜浓番茄味薯片104g,191
518,乐事无限嗞嗞烤肉味薯片104g,191
521,乐事无限黄瓜味薯片40g,191
522,乐事意大利香浓红烩味薯片45g,191
554,椰树  椰子汁  245ml,226
565,好丽友好多鱼脆香烧烤味33g,191
569,好丽友 巧克力派204g,169
574,好丽友浓香茄汁味好多鱼33g,204
582,嘉顿手指饼115g,173
583,嘉士利 养生红枣早餐饼167g,173
592,旺旺浪味仙蔬菜口味70g,191
595,旺旺原味小小酥60g,204
596,旺旺纯粹海苔味洋芋点心浪味仙70g,191
612,嘉顿 BB熊饼干（巧克力味）100g/袋,173
624,嘉顿 朱古力味威化200g,171
638,徐福记184果酱包馅草莓酥184g,176
643,徐福记威香芝士米果卷90g,176
644,徐福记 鸡蛋沙琪玛470g,176
674,益达至尊无糖口香糖（草本精华）56g/瓶,189
676,益达无糖口香糖（热带水果味）12片装,189
681,益达至尊无糖口香糖（清新西柚味）56g/瓶,189
747,有友山椒凤爪100g,201
750,齐云山 南酸枣糕45g,200
761,【湖南特色】步步为赢牛汁素肠50g,202
765,【湖南特色】步步为赢  越南小根鱼50g,202
766,【湖南特色】步步为赢素鱼片豆干120g,202
767,【湖南特色】步步为赢  柴火干40g,202
769,喜之郎3g原味辣味海苔,204
770,喜之郎美好时光紫菜海苔4.5g*6,204
771,喜之郎美好时光海苔36g,204
776,喜之郎黄桃 蜜桃肉杯果冻200g,748
794,长康陈酿陈醋500ml,276
796,长康精制白醋500ml,276
830,【湖南特色】口口香 香脆片80g,202
842,太阳行七姊生粉170g,294
846,安琪高活性干酵母15g,294
851,陶华碧老干妈风味鸡油辣椒280g,272
856,长康料酒500ml ,851
869,天味好人家水煮鱼调料210g,269
872,王致和料酒500g ,851
898,陶华碧老干妈风味豆豉280g,272
904,祥橱胡椒粉100g ,271
917,金龙鱼黄金比例食用调和油5L,285
920,金龙鱼精炼一级大豆油5L,285
924,金龙鱼葵花籽油5L,285
926,金龙鱼外婆香小榨菜籽油5L,285
930,太太乐鸡精227g ,853
931,太太乐鸡精454g,853
936,长寿花金胚玉米油5L,285
943,鲁花压榨一级花生油5L,285
946,鲁花压榨花生油5.436L,285
947,鲁花特香压榨菜籽油5L,285
948,鲁花非转基因物理压榨玉米油5L,285
951,龙牌酱油500ml,274
954,龙牌原生态酱油380ml,274
956,龙牌经典味酱油450ml,274
958,多力葵花籽油5L/桶 非转基因食用油 赠400ml黄金3益,285
961,海天特级金标生抽王500ml ,274
963,海天上等蚝油700g ,850
969,海天蒸鱼豉油450ml,274
973,加加面条鲜酱油500ml ,274
983,西王玉米胚芽油5L,285
1033,海天味极鲜380g ,274
1062,桂格即食燕麦片400g,247
1072,南方 黑芝麻糊480g,257
1074,南方  核桃芝麻糊 600g,257
1108,麦斯威尔 三合一原味条装咖啡13g*11片,232
1119,喜之郎 优乐美原味奶茶80g,258
1157,Wyeth/惠氏 原装进口 启赋幼儿配方奶粉3段1-3岁900g/罐,380
1191,Abbott/雅培   亲体金装喜康力雅培四段婴儿奶粉900g/罐   适合3岁儿童,383
1194,Abbott/雅培   亲体系列  进口奶源  金装喜康力4段400g/盒   适合3岁及以上婴幼儿,383
1282,Heinz/亨氏 鸡肉蔬菜营养米粉 6-36个月 400g/盒,387
1283,Heinz/亨氏 AD钙高蛋白营养米粉 6-36个月 400g/盒,387
1286,Heinz/亨氏 胡萝卜营养米粉 辅食初期-36个月 400g/盒,387
1287,Heinz/亨氏 黑米红枣营养米粉400g/盒   适合6-36个月的宝宝,387
1294,超能 天然皂粉 馨香炫彩 680g 轻松洁净,476
1314,超能 柠檬草皂260g*2 透明皂 清新祛味 椰油配方,475
1329,雕牌 高级洗衣皂252g*2  阳光柠檬,475
1353,心相印 3粒装厨房用纸75节*3卷 清洁厨具 油烟机,492
1361,七度空间 QDBG818 公主系列护垫18片 160mm,322
1364,七度空间 BQ6028 纯棉表层薄型女生护垫 28片装 内置乐Q包,322
1365,心相印 迷你型手帕纸 C2910 三层 10包 百变手帕纸 萌货来袭,495
1370,安尔乐蓝芯体验干爽网面卫生巾 纤巧夜用275mm 10片/包,321
1373,安尔乐 蓝芯体验纤巧棉柔表层卫生巾 夜用275mm 10片/包,321
1376,安尔乐 蓝芯体验LJC8110 棉柔表层卫生巾 超薄日用245mm 10片/包,321
1385,七度空间 少女系列超薄绢爽网面卫生巾 超长夜用 8片/包 338mm,321
1388,七度空间 A9410 优雅系列净爽网面夜用薄型夜用卫生巾 10片 275mm,321
1389,七度空间 QGC8105 公主系列超薄丝柔表层日用卫生巾 5片/包,321
1390,七度空间 QGC9105 公主系列净爽表层日用卫生巾 5片/包 245mm,321
1394,七度空间 QGC8805 公主系列超薄丝柔表层卫生巾超长夜用350mm 5片,321
1396,七度空间 QGC9805公主系列超长夜用净爽表层卫生巾 5片/包 350mm,321
1397,七度空间 QGC8205 公主系列超薄丝柔表层夜用卫生巾 5片 290mm,321
1402,心相印 柔肤系列三层卷纸 BT1610 卷筒卫生纸巾180g 10卷,490
1408,清风原木纯品2层180抽6包小规格抽取式面纸,489
1409,清风BWEAIAF 果漾C洁肤独立包装湿纸巾 10片,493
1410,清风10片卡通独立包装湿纸巾,493
1415,清风原木纯品3层10张10包手帕纸,495
1417,清风粉红嘟嘟两层手帕纸10包,495
1419,清风 B75AHS 单层餐巾纸 50张 纸质强韧 温柔舒适,489
1423,洁婷 WHZ206 侧吸护围棉柔夜用组合卫生巾 6片装 放心睡300mm+350mm,321
1425,七度空间 少女系列QSC7210 超薄绢爽网面夜用卫生巾10片 275mm,321
1432,洁婷微薄超薄型干爽网面日用卫生巾16片 TA616,321
1436,洁婷 WHT208 侧吸护围棉柔特长夜用卫生巾 防侧漏350mm 8片装,321
1438,高露洁  冰爽薄荷牙膏120g,365
1439,高露洁 草本牙膏200g,365
1461,黑人儿童牙膏草莓味40G 宝贝兔  有效防蛀 保护牙齿,469
1463,黑人 宝贝兔 甜橙味儿童牙膏 40g 防止蛀牙,469
1465,黑人炭丝深洁牙刷两支装,367
1468,黑人茶倍健花语白茶牙膏140g,365
1469,黑人俊朗型+柔彩型牙刷 四支优惠装,367
1470,黑人 超白矿物盐牙膏140g,365
1472,黑人 茶倍健杭菊龙井牙膏140g,365
1483,黑人 超白牙膏190g,365
1486,黑人 茶倍健龙井绿茶190g,365
1608,碧浪 专业去渍无磷洗衣粉自然清新1700g 衣物洁净清新,476
1657,佳洁士草本水晶牙膏 （清爽薄荷香型）140克,365
1666,佳洁士盐白牙膏（清凉薄荷香型）140克,365
1676,潘婷 乳液修复去屑洗发露750ml 滋润去屑,347
1694,飘柔 家庭护理兰花长效清爽去屑洗发露1000ml,347
1704,护舒宝 超值干爽贴身夜用卫生巾10片 超强吸收,321
1706,护舒宝 瞬洁丝薄日用6片/包 卫生巾 245mm,321
1707,护舒宝 超值棉柔贴身日用卫生巾10片/包 230mm 持久干爽,321
1708,护舒宝 超值干爽贴身日用卫生巾 30片 持久干爽 5倍吸收,321
1710,护舒宝 瞬洁丝薄干爽日用卫生巾 12片/包 240mm,321
1711,护舒宝瞬洁贴身卫生巾 量多日用/夜用284mm 12片,321
1716,护舒宝 超值棉柔贴身日用卫生巾20片,321
1717,护舒宝 超值棉柔贴身夜用卫生巾10片 5倍吸收 持久干爽,321
1720,佳洁士 珍珠盐白牙膏 柠檬清新 140克,365
1721,佳洁士 五彩水晶牙刷三支特惠装（软毛）,367
1726,潘婷 丝质顺滑洗发露750ML,347
1728,汰渍 净白去渍无磷洗衣粉1550g 强效洁净 持久留香,476
1734,汰渍 全效洁净 舒肤佳 洗衣液 3000ml 高效除菌 里外洁净,473
1752,汰渍 全效炫白加衣领净精华洗衣粉3000g 强效去渍,476
1789,舒肤佳 健康抑菌洗手液柠檬清新型450ml 自然芬芳,361
1824,水漾动力密集水润面膜24g*5片装 亲柔服帖 轻薄透气 密集修护 深度补水保湿,331
1855,滴露 清新柠檬衣物除菌液2.5L加送1L 超值体验 火爆促销,96870006
1959,维达 喜洋洋VW4331 卫生卷纸 145g 12卷/提,490
1992,绿晶阿胶枣227g,199
1994,正兴金梅姜丝168g,200
1996,洽洽多味瓜子260g,159
1997,洽洽香瓜子200g,159
2001,动心一族西梅100g,193
2002,格力高百醇抹茶慕斯味饼干48g,173
2007,动心一族正宗话梅75g,193
2009,众望小麻花芝麻甜味200g,176
2010,动心一族  话芒果85g,200
2013,维达 V0031 快乐泡泡钱夹式纸巾6包装,495
2015,维达 蓝色经典V4069 3层柔韧有芯卷纸 140g 柔软细滑 呵护全家,490
2022,佳宝加应子95g,193
2024,洽洽原香瓜子200g,159
2040,动心一族原味姜100g,200
2042,动心一族核桃仁150g,155
2062,德胜达绿豆精制龙口粉丝160g,290
2064,德胜达绿豆精制龙口粉丝500g,290
2086,统一来一桶红油爆椒牛肉桶面108g,259
2087,统一老坛酸菜牛肉味面五合一121g,259
2089,统一100卤肉面卤香牛肉五合一112g,259
2091,陈克明百家顺挂面1000g,292
2093,陈克明长寿面1000g,292
2094,众望小麻花奶油甜味130g,176
2100,动心一族甜话梅48g,193
2105,众望津津小麻花葱油咸味130g,176
2113,格力高双层巧克力味百利滋50g,173
2114,格力高百醇牛奶味饼干48g,173
2135,【云猴生鲜】裕湘 强力粉银丝面500g,292
2136,【云猴生鲜】裕湘 湘情面450g,292
2137,【云猴生鲜】裕湘 手擀细挂面1000g,292
2148,嘉顿香葱薄饼225g,173
2180,蜂花 柔顺护发素1000ml,349
2185,雀巢 全脂奶粉400g/袋,249
2188,陈克明香菇面1000g,292
2190,陈克明精细鸡蛋面1000g,292
2229,妇炎洁 植物本草抑菌洗液360ml 健康呵护,97020003
2230,上海香皂 硫磺皂85g,359
2281,威露士 衣物家居消毒液3L 除菌除螨,96870007
2303,无穷盐焗鸡翅65g,202
2305,【湖南特色】好棒美香鸭脖12g,202
2340,太古纯正红糖350g ,278
2342,李锦记锦珍生抽500ml,274
2359,娃哈哈 桂圆莲子八宝粥360g,213
2394,李锦记京式拌面酱170g  ,272
2395,李锦记蒸鱼豉油410ml,274
2405,乌江涪陵榨菜50g×6,854
2410,太古纯正白砂糖300g,278
2411,李锦记500ml金标生抽  ,274
2817,万容 四季系列 一次性装塑杯200ML 100只 BY3200,497
2976,高洁丝 小Q包丝薄护垫无香型40片 超薄亲肤 独立包装,322
2987,高洁丝 小Q包纤巧护垫无香型20片 柔软亲肤,322
2988,高洁丝 小Q包丝薄护垫无香型20片 随时清爽,322
2992,高洁丝 瞬吸漏斗棉柔迷你直条卫生巾10片 190mm,321
2996,高洁丝 小Q包纤巧护垫无香型40片,322
3030,苏菲 动感丝薄洁翼型日用卫生巾20片 大动作也不怕,321
3032,苏菲 口袋魔法小艾草超薄棉柔日用洁翼型8片,321
3038,隆力奇 蛇油膏护手霜120g 防裂防脱皮防冻疮膏,773
3061,苏菲 口袋魔法森呼吸超薄棉柔日用洁翼型 9片,321
3062,苏菲 口袋魔法零味感超薄棉柔日用洁翼型10片/包,321
3063,苏菲 弹力贴身薄0.1日用棉柔洁翼型 8片/包,321
3066,妈咪宝贝 经济型婴儿湿纸巾超值优惠装  72片×3,423
3068,苏菲 弹力贴身薄0.1日用洁翼型 16片/包 230mm,321
3105,云南白药 薄荷牙膏210g  美白 清新口气,365
3106,云南白药 薄荷香味牙膏150g,365
3110,云南白药 留兰香型牙膏100g,365
3114,云南白药 留兰香型牙膏 65g,365
3119,云南白药 金口健牙膏纯青普洱 130g,365
3120,云南白药 留兰香型牙膏180G,365
3223,ABC 亲柔立围超级薄棉柔排湿表层日用卫生巾8片240mm,321
3239,力士 幽莲魅肤精油香氛沐浴乳720ml 奢选香氛 魅力散发,357
3300,奥妙 净蓝全效深层洁净高浓度洗衣液3000ml  怡人清香 亮丽如新,473
3302,Dove 多芬 衡悦水润沐浴乳720ml 清爽水润沐浴露,357
3305,金健手擀面900g,292
3327,舜华劲辣鸭肉50g,202
3431,皇室馨花苏吝茉莉香米10kg,286
3441,六个核桃  核桃乳礼盒  240M*12/盒,226
3445,旺旺 香蕉牛奶礼盒190ml*12,224
3447,丹夫华夫饼原味168g,167
3448,丹夫华夫饼奶油味168g,167
3449,丹夫无糖华夫饼160g,167
3494,Wyeth/惠氏 进口奶源 S-26金装幼儿乐配方奶粉3段1-3岁1200g/盒,380
3495,Wyeth/惠氏 进口奶源 S-26金装健儿乐较大婴儿配方奶粉2段6-18个月900g/罐,378
3505,心相印 KDT170 厨房系列 70抽塑装抽纸 3包组合装 无印花塑装,492
3515,黑人 炭丝旋洁软毛 两支装牙刷 超值组合,367
3557,陈克明阳春精制挂面1000g,292
3626,多芬 丰盈宠肤沐浴乳乳木果和香草沐浴乳720ml 滋润肌肤,357
4777,太平桥黄彩袋豆豉80g  ,271
4955,台湾进口 77牌蜜兰诺松塔（12粒裝）192g  进口食品,126
5263,SaBaVa 沙巴哇越南进口芋头条 100g,135
5447,张君雅 台湾进口碳烤鸡汁点心面 100g,134
5597,天喔原味猪肉脯60g,203
5623,盼盼草莓瑞士卷240g,167
5641,趣多多黄油味曲奇香浓黄油原味216g,174
5643,趣多多黄油味曲奇浓情巧克力味216g,174
5655,不二家牛奶棒棒糖116g,188
5673,盼盼奶香法式软面包300g,178
5685,威猛先生 柠檬草香洁厕液 600g×2,846
5699,嘉士利牛奶早餐饼干1000g,173
5711,金健月芽香米5kg,286
5719,金浩茶籽本香食用调和油5L,285
5743,统一来一桶老坛酸菜牛肉面三连桶127g,259
5745,雀巢奶香威化480g,171
5763,趣多多缤纷逗巧克力味曲奇饼干255g,174
5767,金浩茶籽橄榄调和油5L  ,285
5769,金浩茶籽调和油5L,285
5777,奥利奥原味夹心家庭装饼干390g,173
5779,盼盼香蕉酥105g,204
5793,奥利奥巧克力味夹心家庭装饼干390g,173
5805,动心一族方正山楂138g,200
5807,动心一族  夹心山楂165g,200
5855,嘉士利牛奶味早餐饼167g,173
5871,不二家牛奶棒棒糖20支装芒果味+草莓味125g,188
5931,美即水密语6+2特惠装 25g*6片面膜+3g*2片眼膜 长效补水嫩肤 净白匀透 水润柔滑 天然保湿 绽放肌肤水嫩娇滑之美,331
5933,美即雪肌颜6+2特惠装 25g*6片面膜3g*2片眼膜深层补水滋养 莹润柔滑 肌肤透白如新,331
5941,美即 果萃水凝嫩白面膜眼膜组合特惠套装 6片面膜+2对眼膜,331
5951,奥利奥双心威化饼干香草味230g,173
5983,心相印红悦系列130抽*6包塑装面巾纸DT37130,489
6415,桂格即食燕麦片1.478kg/袋    特惠装,247
6585,Deyatur德亚全脂牛奶礼盒装 德国原装进口 200ml*12/盒,113
6641,雕牌 超效加酶洗衣粉4000g 去污无磷 衣物清洁,476
6799,三辉法式奶香面包(原味)450g,178
7151,Friso美素佳儿 荷兰原装进口 金装幼儿配方奶粉3段1-3岁900g/罐,380
7153,[婴儿奶粉特价]Friso 美素佳儿 荷兰原装进口 金装较大婴儿配方奶粉2段6-12个月900g/罐,378
7283,西麦  蛋白质核桃粉礼盒 1500g,247
7473,哈尔滨冰爽330ml*6罐装,227
7517,雪碧1.25l+果粒橙1.25L（双提手组合装）,211
7601,五粮液  52°新盒装01号  500ml  自营正品,230
7755,立白 生姜洗洁精2kg 祛腥不伤手 无残留,480
7757,立白 3合1无磷洗衣粉1.7kg 洗衣漂渍 去除菌 深层洁净,476
7773,立白 超洁清新洗衣粉4000g  不伤手 强效去渍,476
7807,维达 无芯卫卷70克 12粒特惠装 洁白自然,490
7841,立白 新一代不伤手洗洁精2kg 除菌清洁剂 高效去污,480
8073,资生堂水之密语 凝润水护洗发露600ml 保湿柔顺,347
8333,飞科（FLYCO）FH6255吹风机,595
8343,飞科（FLYCO）FH6260电吹风,595
8847,Povos/奔腾PJ1151超声波加湿器,620
9044,格力（GREE）NSJ-8A  远红外取暖器,587
10327,欧莱雅 多效修护洗发露700ml 微胶原精华 洗发更护发,347
10341,伊利 高蛋白高钙脱脂奶粉400g,249
10345,伊利 学生营养奶粉 400g/袋,249
10357,伊利 女士营养奶粉400g,249
10361,伊利 中老年营养奶粉 400g,249
10365,伊利 中老年多维高钙冲饮奶粉 400g,249
10367,伊利 中老年奶粉  高钙低脂无蔗糖 900g,249
10397,伊利金领冠幼儿配方奶粉3段1-3岁  400g/盒,380
10405,伊利金领冠孕妇妈妈奶粉0段400g/盒,375
10419,伊利金领冠幼儿配方奶粉 3段1-3岁900g/罐,380
10429,洽洽鸡汁番茄喀吱脆薯片51g,191
10547,齐云山 南酸枣糕300g 绿色食品 酸甜开胃 江西特产,199
10775,雪天绿色精制低钠盐320g  ,281
10934,伊利QQ星  儿童成长牛奶全聪型  125ml*4,218
10937,伊利  QQ星  香蕉味营养果汁酸奶饮品  200ml*16/瓶,224
10946,伊利  纯牛奶  1L/盒装,216
10948,伊利 金典纯牛奶 250ml*12/盒,216
10952,伊利  草莓味果之优酸乳  245ml/盒装,220
10956,伊利   金典低脂奶   250ml*12/盒,216
10961,王老吉  凉茶   250ml*16/盒装,208
11212,雪天海藻碘低钠盐320g  ,281
11282,蓝月亮 草莓儿童洗手液225ml 果香泡沫多 洁净又除菌,453
11294,蓝月亮 薰衣草深层洁净洗衣液3000ml 深层清洁 中性护手配方,473
11295,蓝月亮 深层洁净护理洗衣液 自然清香2kg,473
11325,黑人 天然薄荷牙膏90g,365
11662,帮宝适超薄干爽系列超大包装中号 纸尿裤  100片,631
11666,安儿乐扭扭弹力裤L6018G女款18片 2片加量装纸尿裤,632
11668,安儿乐零感丝薄 大码婴儿纸尿片28片,632
11669,安儿乐零感丝薄 中码婴儿纸尿片M32+2片,631
11673,安儿乐大包装 加大码超能吸尿裤 32片,633
11675,Anerle /安儿乐  超能吸彩箱装大码L80片   适用9-13KG宝宝,632
11683,妈咪宝贝瞬吸干爽XL女32片(大包装)纸尿裤（新老包装随机发货）,633
11685,妈咪宝贝瞬吸干爽 纸尿裤L女42片(大包装)（新老包装随机发货）,632
11686,妈咪宝贝瞬吸干爽纸尿裤 L男  (大包装) 42片（新老包装随机发货）,632
11695,妈咪宝贝 大号男婴纸尿裤  19片（新老包装随机发货）,632
11696,好奇干爽银装超值装大号  纸尿裤  42片优惠,632
11703,好奇干爽银装超值装中号52片纸尿裤优惠,631
11705,好奇干爽银装超值装加大号  纸尿裤  34片,633
11709,好奇银装成长裤男宝宝L号 纸尿裤20+4片优惠,632
11718,鲁花500ml自然鲜  ,274
11720,鲁花糯米香醋500ml  ,276
12561,飞科（FLYCO）FR5201毛球修剪器（蓝色）,591
12565,好奇干爽舒适银装超值装小号S60+8片纸尿裤优惠,411
12567,好奇干爽银装特大超值装大号  纸尿裤64片（新老包装随机发货）,632
13415,陈克明北方劲道面1000g,292
13426,张君雅 台湾进口捏碎面40g,134
15325,好丽友 蘑古力红豆巧克力饼干 48g 儿童零食,173
15328,好丽友 Q蒂摩卡巧克力蛋糕28g×12,167
15334,好丽友 蘑古力牛奶巧克力味饼干 48g 涂层饼干 休闲令食品,173
15439,蓝月亮 深层洁净亮白洗衣液立袋 自然清香1000g 中性护手,473
15440,蓝月亮 亮白增艳洗衣液1kg袋装 薰衣草香 护衣护色护肤,473
15441,蓝月亮手洗专用洗衣液1kg袋装 风清白兰 手洗新体验,473
15442,蓝月亮 薰衣草手洗专用洗衣液1000 立袋 去油斑不留痕,473
15443,蓝月亮 芦荟抑菌洗手液500ml,361
15451,优选 郁金香系列三层无芯卫生纸70g 10粒装/提,490
15479,胜亮SL-5缤纷组合果盘五格装,508
15740,伊利金领冠儿童配方奶粉4段3-6岁900g/罐,383
15903,强生 婴儿天然舒润滋养润肤霜   40g/盒,455
15967,Ferrero Rocher费列罗 榛果威化意大利进口巧克力（3粒装） 37.5g,129
16012,加多宝   凉茶   310ml*24罐,208
16014,银鹭  好粥道（薏仁红豆粥）280g,213
16019,椰树  椰子汁  1L/盒,226
16042,竹盐 精品全优护原味牙膏120g,365
16044,竹盐 清新源牙膏150g 绿茶精华 清韵茶香,365
16099,伊利 金典有机奶250ml*12,216
16143,可口可乐  碳酸饮料汽水  1.25L,211
16167,好丽友Q蒂摩卡巧克力蛋糕168g,169
16171,好丽友香焗番茄薯愿104g,191
16183,心相印 三层卷筒卫生纸BT2712 蓝色 140g 12粒装,490
16578,青蛙王子  儿童芦荟滋润霜   50g,455
16775,青蛙王子 儿童补水草莓香型润唇膏   4g,455
16885,伊利 QQ星儿童成长牛奶全聪型190ml*15,218
16887,伊利 儿童成长牛奶健护型190ml*15,218
16888,伊利  QQ星儿童成长牛奶全聪型  125ml*20,218
16889,伊利 QQ星儿童成长牛奶健固型125ml*20,218
16890,伊利  QQ星儿童成长牛奶健护型125ml*20,218
17510,心相印 优选郁金香系列三层无芯卫生纸10粒装 75g 自然洁净,490
17713,心相印 柔肤系列BT1610 三层卷筒卫生纸巾180g 10卷/提*5,490
17750,舒肤佳 蜂蜜润护香皂115g*3,359
17878,Peskoe半球 SH-18－20B 电水壶 1.8L容量,584
18058,【云猴生鲜】思念 中华面点秘制豆沙包（10只）360g,100810003
18067,【云猴生鲜】思念 金牌灌汤猪肉韭菜水饺（58只）702g,100810005
18069,【云猴生鲜】思念 原味手抓饼（5片装）450g,100810003
18070,【云猴生鲜】思念 葱香味手抓饼（5片装）450g,100810003
18085,【云猴生鲜】思念 上海风味大馅馄饨三鲜(40只)500g   附赠大汤料包2袋,100810003
18092,【云猴生鲜】思念 金牌灌汤猪肉白菜水饺（58只）702g,100810005
18093,【云猴生鲜】思念 金牌灌汤三鲜水饺（58只）702g,100810005
18183,【云猴生鲜】几百粒 简装薏仁米350g,288
18187,几百粒 简装夏威夷果（奶油味）200g,811
19090,威尼N95防雾霾口罩,501
19324,【驱蚊系列】超威 水基杀虫气雾剂无香500ml,96870017
19943,李锦记薄盐生抽500ml  ,274
20640,测试商品（请勿购买，不予发货）1,121
20690,安怡 金装成人高钙低脂配方奶粉800g,249
20846,海信（Hisense） LED32K20JD  32英寸  高清  液晶网络电视,574
24386,Nutrilon诺优能 幼儿配方奶粉3段 适合12-24个月幼儿800g/罐【保质期到2016.05.28】,380
24616,Kjeldsens 蓝罐曲奇饼干 125g,127
24622,张君雅 台湾进口草莓甜甜圈 40g,134
24775,方广 核桃黑芝麻营养米粉  250g,387
24798,奶粉赠品毛巾（两条装）（颜色随机发）,800
24994,金龙鱼盘锦生态稻10kg,286
25219,狮王 细齿洁弹力护龈超细毛牙刷三支特惠装,367
25614,金龙鱼家常系列鸡蛋麦芯挂面1000g,292
25615,金龙鱼1000g家常系列龙须麦芯挂面,292
25748,清风B00B长条包卫生纸  140g×10卷,490
25749,清风绿茶茉香2层120抽3盒装盒面,489
25751,清风 B20AT6X 超质感系列卷筒卫生纸160g*10卷/提,490
25753,马蹄莲3层83克12卷平纹中卷无芯卷纸,490
25755,清风原木纯品3层140g12卷卷筒卫生纸,490
25756,清风几何卷筒卫生纸3层270段10卷装 B22A4N1,490
25760,清风厨房纸巾（70张+5张）*2卷装,492
25776,维达花之韵V4143长卷无芯卫卷78g,490
25780,维达蓝色经典V2182抽取式面巾130抽,489
25786,心相印 DT1120 抽纸 三层压花婴用型软抽纸巾 120抽*3包,489
25799,立白 新一代洗洁精1.68kg 高效去污 除菌清洁剂,480
25820,威露士 衣物消毒除菌液柠檬香2.5L+1.5L 促销装 除菌清洁,96870006
25946,新西兰 安佳无盐小黄油7g  原装 独立小包装  （赠品）,99750001
25947,KING’S SOCE/品高 黑胡椒牛排酱20g （赠品）,272
25954,【云猴生鲜】西捷 澳洲雪花西冷牛排150g,96940011
25955,【云猴生鲜】西捷 新西兰草饲西冷牛排150g,96940011
26364,高洁丝 瞬吸漏斗超熟睡380夜用纤巧棉柔护翼卫生巾3片 380mm,321
26365,高洁丝 瞬吸漏斗纤巧棉柔护翼卫生巾超长扇尾夜用8片 320mm,321
26367,高洁丝 瞬吸漏斗日用丝薄棉柔护翼卫生巾10片*2+夜用卫生巾8片,321
26368,高洁丝迷你护翼卫生巾190mm*8片 舒棉表层,321
26399,强生婴儿柔泡型洗发沐浴露400ml,453
26411,Johnsons Baby/强生  婴儿牛奶润肤皂125g/盒   温和清洁滋养肌肤润肤,453
26413,Johnsons Baby/强生  婴儿香皂125g/盒   天然温和 沐浴洗脸皂,453
26417,强生舒眠润肤露100ml,455
26420,强生 婴儿润肤露100ml,455
26421,强生无香型婴儿倍柔护肤柔湿巾10片/包,423
26423,强生 婴儿倍柔护肤柔湿巾10片/包,423
33836,清风原木纯品纯品金装4层8张12包手帕纸,495
33839,心相印 红悦系列DT29150三层塑装纸面巾150抽*3包 软抽包抽纸,489
33877,维达超韧系列 软包抽纸3层130抽*6包纸巾  家庭装 面纸,489
33915,多芬香皂  柔肤乳霜香块100g  清洁美白,359
33920,多芬  日常损伤理护洗发乳700ml,347
33961,舒肤佳芦荟呵护型香皂115克X3,359
34442,法国进口  黛宝半脱脂牛奶 1L*6,113
34443,黛宝 法国进口全脂牛奶 1L*6,113
34455,Debon 黛宝 法国原装进口脱脂牛奶 1L*6,113
34458,Deyatur德亚全脂牛奶德国原装进口全脂牛奶 200ml*30,113
34946,五丰优选丝苗米5kg,286
34949,五丰东北米10kg,286
35174,ABC 纤薄倍柔干爽网面日用卫生巾8片 240mm,321
35176,ABC 减翼简易日用纤薄棉柔卫生巾8片 240mm 超吸干爽,321
35178,ABC 减翼简易棉柔超薄卫生巾 蓝芯2代迅爽排湿超宽护围 日用8片 240mm,321
35180,ABC 亲柔立围超薄卫生巾 超长超宽巾身熟睡防双侧后漏 夜用8片 K84 8片 280mm,321
35184,ABC 夜用纤薄倍柔干爽网面卫生巾8片 280mm 经典护翼系列 蓝芯2代迅爽透气,321
35187,ABC 纤薄棉柔排湿表层卫生巾夜用8片 含独KMS健康配方（K12）280mm,321
35201,舒肤佳 纯白沐浴露劲爆特惠装1L 清香温和,357
35210,邦迪 弹性创可贴4片装,784
35293,花王（Merries）纸尿裤 中号M64片【6-11kg】（日本原装进口）透气超薄,631
35398,维达feel纸巾  2层餐巾纸 抽取式面巾纸150抽,489
35399,维达BOBO_FEEL_V2223倍韧抽取面巾200抽3包195mm*140mm,489
35408,维达V0118栀子花香迷你维达纸巾纸,495
35413,光明 莫斯利安 巴氏杀菌原味酸牛奶 200g*12盒,220
35628,郑玉巧育儿经-教妈妈喂养,800
35736,心相印手帕纸  品诺W1110  三层皮夹纸（黑色装束）*9包装,495
35998,金龙鱼 纯香菜籽油5L  纯香营养！,285
36049,五湖 清曼金顶5kg,286
36051,香满园10kg特选丝苗米,286
36055,五湖莲花香米10kg,286
36071,韩束 水嫩亮颜六件套 8倍保湿持久水润柔亮,340
36187,雪天 立式袋海藻碘盐320g,281
36188,颂康  无碘竹盐225g,281
36199,太平 奶盐苏打饼干100g,173
36207,奥利奥 巧克力味包装夹心饼干130g ,173
36213,奥利奥 香草味盒装巧脆卷55g,173
36216,奥利奥 香草味软香小点饼干56g,173
36255,炫迈 炫动薄荷味无糖口香糖21.6g,189
36262,亨氏 超金健儿优益生元混合水果配方营养奶米粉250g/袋,387
36265,亨氏 香橙磨牙棒65g,752
36376,淘淘酷婴儿纸尿片  尿不湿 极薄瞬吸 中码M36片,631
36379,淘淘酷婴儿纸尿片 尿不湿 极薄瞬吸 加大码XL28片,633
36381,淘淘酷婴儿纸尿裤 大码L30片,632
36419,卫宝  乳润呵护先进健肤沐浴露720ml,357
36449,Abbott /雅培亲体系列 金装喜康力幼儿配方奶粉 3段1-3岁900g/罐 智锁罐装 进口奶源,380
36482,奥利奥 轻甜味夹心包装饼干130g ,173
36500,韩束橄榄卸妆水200ml,793
36502,韩束  红石榴鲜活极润面贴膜三片装,331
36519,Dole都乐 香蕉脆片 菲律宾进口水果干 美味果干 60g,135
36521,Dole都乐  泰国进口水果干 菠萝干 60g,135
36526,立白洗衣液  全效馨香洗护合一洗衣液500g*3袋装,473
36527,立白 连体皂101g×6个,475
36529,立白强效去渍洗衣皂202g×3,475
36533,立白全自动超浓缩洗衣粉515g,476
36538,立白新金桔洗洁精500g,480
36539,立白全效馨香洗护合一洗衣液3kg/瓶,473
36540,立白新一代洗洁精1.1kg,480
36545,立白 全效馨香洗护合一洗衣液900g/袋,473
36546,金健菜籽油5L   地道菜油香，儿时的味道,285
36550,金健 清香菜籽油5L,285
36551,金健纯香菜籽油5L  纯香菜籽油，儿时的味道,285
36604,心相印优选系列DT9200抽纸巾卫生纸 200抽2层塑装面巾纸,489
36672,米老头芝麻青稞麦棒150g,176
36708,上好佳 红烧牛肉味田园薯片50g,191
36750,欧莱雅多效修护去屑洗发露700ml,347
36751,舒肤佳混合三块香皂劲爆特惠装 纯白115g*2+柠檬115g*1,359
36752,舒肤佳混合三块皂(纯白X2+芦荟X1),359
36778,狮王细齿洁炭能量 两支装牙刷,367
36836,伊利  巴氏杀菌饮品  安慕希希腊酸奶  205g*12,220
36887,徐福记50芝麻味磨堡蛋糕 52g,167
36904,【驱蚊系列】雷达 杀蟑气雾剂600ml,96870017
36993,统一 来一桶香菇炖鸡桶面103g,259
36996,统一 来一桶老坛泡椒牛肉桶面105g,259
36999,统一  来一桶红烧牛肉三连桶105g,259
37042,【湖南特色】步步为赢 玫瑰鱼60g,202
37052,乐事 复合型嗞嗞烤肉味薯片40g,191
37123,日清合味道（海鲜风味）速食方便面84g/杯,259
37188,丹麦蓝罐 丹麦原装进口加仑子朱古力曲奇 90g,127
37191,丹麦蓝罐 丹麦原装进口燕麦红莓曲奇饼干125g,127
37192,Kjeldsens 蓝罐曲奇饼干 90g,127
37193,丹麦蓝罐 朱古力曲奇125g 丹麦进口食品 美味小零食新品上市,127
37206,千金净雅 净棉妇科专用棉巾超长夜用纯棉4片装卫生巾360mm,321
37207,千金净雅净棉妇科专用棉巾420特长夜用纯棉3片装卫生巾,321
37209,千金净雅 净棉妇科专用棉巾240日用纯棉5片装卫生巾,321
37210,千金净雅净棉妇科专用棉巾240日用纯棉10片装卫生巾,321
37211,千金净雅净棉妇科专用棉巾190迷你纯棉12片装卫生巾,321
37235,好想你 新郑红枣 450g,296
37404,安尔乐蓝芯LJA9210_10片柔爽网面纤巧夜用卫生巾275mm*2包,321
37411,护舒宝10片超值棉柔贴身夜用卫生巾280mm*2包,321
37647,【云猴生鲜】裕湘 香菇味挂面1000g,292
37707,陈克明 鸡蛋龙须面450g,292
37713,陈克明 热干面900g,292
37714,陈克明 高筋精细挂面1000g,292
37718,金健  碱水面500g,292
37721,金健 精品龙须面500g,292
37795,海天 特级金标生抽王1750ml,274
37797,海天 鲜味生抽王500ml   更鲜、更香、更营养！,274
38206,洁伶淘淘氧棉纯棉卫生巾组合10片 日夜两用265mm*8片+超长夜用335mm*2片,321
38211,洁伶舒眠型棉质表层超长夜用卫生巾8片,321
38217,洁伶淘淘氧棉迷你淘卫生巾180mm*10片 无香型,321
38221,洁伶淘淘氧棉纯棉表层迷你淘卫生巾16片 无香型,321
38228,洁伶香薰功能超薄棉质表层日用卫生巾10片,321
38230,洁伶淘淘氧棉纯棉表层护垫40片 无香型,322
38233,洁伶全程护理超薄棉质20片组合装卫生巾  专为4-5天设计,321
38353,洁伶淘淘氧棉清爽型6片超长夜用410mm,321
38355,洁伶淘淘氧棉无香型6片超长夜用410mm,321
38498,贝斯娜 泰国进口随身包鸡肉味饼干100g,126
38500,贝斯娜 随身包椰子味饼干100g,126
38569,爱尚 咪咪虾味条180g,204
38581,佳宝 无花果35g,200
38583,佳宝 九制话梅28g 蜜饯果脯小零食,193
38594,波力 海苔原味塑罐 75g,204
38607,洽洽酱汁牛肉味怪U味兰花豆110g,204
38620,洽洽香瓜子308g 休闲零食炒货葵花籽煮瓜子,159
38625,洽洽珍品原味喀吱脆薯片35g,191
38626,洽洽韩式泡菜喀吱脆薯片35g,191
38627,洽洽鸡汁番茄喀吱脆薯片35g,191
38630,洽洽纯香紫薯味喀吱脆51g,191
38632,洽洽老坛酸菜味喀吱脆51g,191
38634,洽洽五香怪怪豆80g,204
38635,洽洽麻辣怪怪豆80g,204
38654,仁仔小根鱼45g,202
38668,正兴酸甜泡姜110g,200
38675,多力 葵花油 4L,285
38703,鲁花 压榨花生油4L,285
38705,立白 超洁清新洗衣粉2360g,476
38709,氧净700g多功能洗涤氧颗粒（瓶装）,476
38712,氧净60g洗衣氧颗粒浓缩型,476
38743,碧浪202g×2专业去渍洗衣皂(茉莉香型),475
38744,碧浪2.2KG专业去渍无磷自然清新型洗衣粉,476
38754,超能内衣皂222g,475
38756,超能 内衣专用皂(超值装)202g*2,475
38757,超能260g×2椰果洗衣皂,475
38759,超能2kg植翠洗衣液（鲜艳亮丽）,473
38770,汰渍238g×2全效360度三重功效柠檬洗衣皂,475
38776,汰渍3千克全效360度洗衣液洁雅百合香型,473
38844,好丽友 巧克力派68g,169
38845,好丽友 蛋黄派46g,169
38846,好丽友 Q蒂派摩卡巧克力味蛋糕2枚56g/盒,167
38881,EOS伊欧诗冰蓝花瓣护手霜44ml 美国进口,773
38983,飘柔家庭护理杏仁长效柔顺滋养洗发露 750ml,347
39047,佳洁士防蛀修护牙膏（晶莹薄荷香型）140g,365
39059,佳洁士健康专家全优7效牙膏90g,365
39482,方广 三文鱼蔬菜金装彩面 300g,395
39489,方广 乖乖小馒头（草莓味） 15g,752
39490,方广 乖乖小馒头（核桃味） 15g,752
39492,方广 乖乖小馒头（牛奶味）15g/袋,752
39493,方广 乖乖小馒头（香蕉味）15g/袋,752
39501,方广 乳清蛋白营养米粉 230g/盒,387
39640,金健 洞庭香粘米10kg,286
39659,长康100%纯芝麻油  100ml,852
39674,道道全 压榨菜籽油5L,285
39683,道道全 纯正菜籽油5L,285
39685,道道全 纯正菜籽油1.8L,285
39785,立白 高效超浓缩无磷洗衣粉1800g,476
39787,立白 超洁清新洗衣粉1680g,476
39788,立白 易漂洗洗衣粉2000g,476
39808,立白 超浓缩无磷洗衣粉900g/桶,476
39816,立白 清新柠檬洗洁精500g,480
39817,立白 丝滑乳液柔护洗衣液3kg,473
39821,立白 盐洁洗洁精460g,480
39822,立白  超威洁厕精（圆形）500g/瓶,846
39827,立白 新金桔洗洁精2kg,480
39841,立白 连体皂122g×4,475
39848,立白植物柔护柔顺剂1.35kg,473
39852,立白 橙洁洗洁精1.1kg,480
39853,立白 新金桔洗洁精1.29kg,480
39857,kispa/好爸爸 天然亲肤洗衣液500g*3,473
39913,禾煜 香菇150g,305
39917,禾煜 海带150g,308
39920,禾煜 木耳80g,302
39939,禾煜 黑米400g,288
39962,禾煜 黄冰糖418g,278
39967,禾煜 单晶冰糖250g,278
39973,万多福 美国加州进口开心果经典盐焗味50g,136
39978,Wonderful万多福 美国加州进口巴旦木（扁桃仁）经典盐焗味 318g,136
40105,高洁丝纤巧棉柔护翼卫生巾夜用420mm*4片,321
40115,Kinder健达 意大利进口缤纷乐牛奶榛果威化巧克力 2条装 43g,129
40118,健达 奇趣蛋女孩版20g,129
40119,Kinder Joy健达 奇趣蛋男孩版 波兰进口巧克力糖果 20g（均价专场）,129
40120,Kinder健达 康脆麦牛奶谷物 意大利进口夹心巧克力(1条)23.5g,129
40121,Kinder健达 德国进口巧克力T4 50g,129
40122,kinder健达 德国进口牛奶巧克力 8条装100g,129
40151,【云猴生鲜】西捷 新西兰羊肉卷300g,97740002
40281,一品玉 香妃黑葡萄干200g,200
40283,一品玉 原色开心果160g,161
40412,德芙  丝滑牛奶巧克力（碗装）252g,183
40540,金浩 茶籽玉米调和油5L,285
40628,高露洁 超密丝倍洁牙刷两支装,367
40630,德国原装进口 上质牛奶海外珍选 纯牛奶200ml*20,113
43979,高露洁牙膏光感白（沁亮薄荷）牙膏113克,365
43983,义丰祥 三湘香麻油 350ml,852
43988,冷酸灵 美白抗敏感牙膏 180g,365
44007,护舒宝PINKCESS 棉柔丝薄量多日/夜卫生巾10片,321
44018,义丰祥 100%纯芝麻油 350ml,852
44023,桂花牌480ml玉和白醋,276
44064,帮宝适超薄干爽系列大包装初生型NB86片,409
44070,帮宝适大包装 特级棉柔纸尿裤大码L46片,632
44910,EDOpack韩国进口香葱饼160g,126
44979,美赞臣/Enfamil    安儿宝A+ 3段幼儿奶粉适合1-3岁 900g/罐  原装进口,380
44995,韩束芦荟修护凝胶35g 完美补水 保湿美白 去祛痘印疤痕 晒后修复 新生亮肤,333
44997,雀巢 咖啡1+2特浓咖啡（30条装*13g）,232
45004,韩束明星焕颜大礼包,800
45006,韩束玻尿酸补水面贴膜23ml*5片,331
45137,韩束 红石榴鲜活水盈润肤水(清爽型) 120ml,343
45235,香满园 丝苗米 5kg,286
45308,禾煜 古田银耳 70g,302
45310,禾煜 枸杞 100g,307
45360,春光芒果椰子脆片60g,176
45387,金龙鱼 非转基因黄金比例调和油 5L,285
45656,蓝月亮3000洁净洗衣液-自然+ 500手洗洗衣液（翻盖）-白兰,473
45657,蓝月亮3000洁净洗衣液-薰+ 500手洗洗衣液（翻盖）-白兰,473
45664,Pigeon/贝亲 奶瓶清洁剂150ML,462
45739,维达V4457 超韧无芯卫生纸140g/袋,490
45741,维达V4073至有份量卫生纸200g/袋,490
45744,雪碧 汽水300ml,211
45834,蒙牛  未来星儿童营养风味酸牛奶200g*12 保质期至：2015/12/11,220
391000058,VFOODSMIX香辣味脆脆条75g,134
391000068,小老板 海鲜味紫菜36g,134
391000071,小老板 泰国进口原味紫菜36g,134
391000081,小老板 泰国进口番茄味紫菜 36g,134
391000088,VFOODSMIX香辣鸡味脆脆条30g,134
391000101,Tipo友谊牌495G奶蛋酥脆面包干,126
391000104,VFOODSMIX 泰国进口辣味脆脆条 30g,134
402000036,Midea/美的 M1-211A机械转盘式微波炉,586
9278000060,旺旺88g仙贝物语,173
9278000095,福临门5L纯正菜籽食用调和油,285
9279000185,旺旺135g大米饼,173
9280000018,蒙牛250ml*16高钙低脂奶,216
9280000033,蒙牛250ml*16核桃早餐奶,226
9280000034,蒙牛250ml*16盒纯牛奶,216
9280000038,蒙牛250ml*12整件真果粒黄桃果果粒牛奶饮品,224
9280000041,伊利250ml*12黑谷谷粒多牛奶饮品,224
9280000056,伊利250ml*12红谷谷粒多牛奶饮品,224
9280000057,伊利250ml*12低乳糖低脂型营养舒化奶,216
9280000058,伊利250ml*12低乳糖全脂型营养舒化奶,216
9280000377,OLAY美肌滋润沐浴乳莹亮滋养720ML,357
9281000032,好奇  金装纸尿裤箱装  大号L100片  适合10-14KG男女宝宝通用,632
9281000033,好奇  金装纸尿裤箱装  中号M120片  适合7-11公斤,631
9281000104,苏泊尔(SUPOR)HFK26S-130多功能电火锅 4L,585
9284000069,蒙牛250ml*24原味酸酸乳,220
9284000070,蒙牛250ml*24草莓酸酸乳,220
9284000085,蒙牛250ml*12真果粒芦荟牛奶,224
9284000102,蒙牛250ml*12真果粒草莓牛奶,224
9284000145,伊利245g*12草莓味果汁优酸乳,220
9284000147,伊利250ml*16谷粒多红豆牛奶,226
9291000133,【保税区发货】日本大王GOO.N 纸尿裤L54片(4包装),632
9294000046,Q天添优品三层纤巧柔韧面巾纸（3+1优惠装）,489
9294000047,Q天添优品婴儿手口倍柔湿巾（25片简洁便携装）,493
9294000048,Q天添优品无芯柔韧卫生纸（10+2特惠装）,490
9296000002,【保税区发货】英国爱他美Aptamil婴儿配方奶粉3段 1-2岁 900g （3罐装）,380
9297000003,【保税区发货】荷兰美素Hero baby 奶粉3段 （10-12个月） 800g,380
9297000004,【保税区发货】荷兰美素Hero baby 奶粉4段 （1-2岁） 700g,383
9297000005,【保税区发货】荷兰美素Hero baby 奶粉5段 （2岁以上） 700g,93980004
9298000218,【保税区发货】荷兰牛栏Nutrilon诺优能 奶粉4段 1-2岁 800g 3罐装,383
9298000219,【保税区发货】荷兰牛栏Nutrilon诺优能 奶粉5段 2岁以上 800g 3罐装,93980004
9298000226,【保税区发货】德国本土原装进口爱他美Aptamil婴幼儿配方奶粉2段 6-10个月 800g  3罐装,378
9298000228,【保税区发货】德国爱他美Aptamil婴幼儿配方奶粉1+成长 1-2岁 600g 德国本土原装进口 3盒装,93980002
9300000029,蓝月亮2件套（羽绒服清洗液500g+手洗专用洗衣液500g）,473
9301000125,Q-天添优品-5kg优选香软米,286
9301000127,好管家坤甸铁木筷R0876,96920006
9301000133,好管家防滑减震砧板S0788,541
9301000141,好管家本色大方铲H1820,96930007
9301000144,好管家水饺棒套装R0910,96930015
9377000197,美的(Midea) YJ308H 3L 机械式 新小康系列电饭煲,581
9382000010,护舒宝PINKCESS棉柔丝薄日用卫生巾5片240mm,321
9382000011,护舒宝 瞬洁丝薄熟睡加长夜用卫生巾8片 317mm,321
9382000012,护舒宝 甜睡棉柔夜用卫生巾丝薄3片装 360mm,321
9382000027,护舒宝 甜睡棉柔卫生巾丝薄3片装 超长夜用400mm,321
9383000040,【保税区发货包邮】澳洲爱他美Aptamil婴幼儿配方奶粉2段 6-12个月 900g 新西兰可瑞康爱他美 3罐装,378
9383000042,【保税区发货包邮】澳洲爱他美Aptamil婴幼儿配方奶粉4段 2岁以上 900g 新西兰可瑞康爱他美 3罐装,383
9383000043,护舒宝pinkcess超净棉花型透气护垫淡香36片 155mm,322
9383000045,护舒宝 甜睡夜用卫生巾+超净棉日用卫生巾+护垫组合126片 11包,321
9384000084,【保税区发货】英国 Osteocare液体钙 钙镁锌 200ml,405
9475000036,美的（Midea）PCS4031智能电压力锅 4L双胆,581
9484000020,帮宝适   大包装中号M62片  干爽健康纸尿裤,631
9495000010,【云猴生鲜】思念 中华面点臻品奶黄猪猪包（10只装）300g,100810003
9496003018,【云猴生鲜】喜世 速食尚黑椒牛肉馅饼(内装3块)330g,100810003
9496003020,【云猴生鲜】喜世 速食尚猪肉馅饼(内装3块)330g,100810003
9496003089,【云猴生鲜】三全 小刺猬豆沙包（15只）375g,100810003
9496003093,【云猴生鲜】三全 儿童水饺水晶虾仁300g,100810005
9496003094,【云猴生鲜】三全 奶黄包（18只）600g,100810003
9496003097,【云猴生鲜】三全 玉兔奶黄包（15只）375g,100810003
9496003098,【云猴生鲜】三全 叉烧包（10只）360g,100810003
9498000136,亨氏  宝宝婴儿辅食  乐维滋苹果香橙果汁泥120g/袋  适合12个月或以上的宝宝,389
9500000013,【保税区发货】  美国童年时光CHILDLIFE婴儿钙镁锌乳钙婴幼儿童补钙片宝宝钙液体,404
9502000044,高洁丝   瞬吸漏斗日用丝薄棉柔10片护翼卫生巾*10包+8片夜用卫生巾*5包,321
9503000034,【云猴生鲜】黄石溪 林套散养土鸡蛋10枚装,95860003
9503000115,喜维美 芒果干100g/袋,135
9503000166,【保税区发货】  日本LOSHI 马油 保湿滋润抗过敏润肤霜（220克）,333
9573000078,【云猴生鲜】十月稻田东北秋田小町大米500g 吉林,286
9573000080,【云猴生鲜】十月稻田五常稻花香大米500g 黑龙江,286
9573000086,【云猴生鲜】十月稻田五常长粒香大米5kg 黑龙江,286
9573000087,【云猴生鲜】十月稻田五常稻花香大米5kg 黑龙江,286
9573000089,【云猴生鲜】柴火大院五常长粒香大米5kg 黑龙江,286
9574000028,蓝月亮  洁净洗衣液立袋-薰1000g/瓶,473
9574000095,【湖南特色】仁仔 小根鱼16g*20包,202
9575000013,【保税区发货】  日本花王（KAO）婴幼儿木糖醇牙膏（安全可吞咽）（草莓味 70克）,469
9575000027,Baken倍康 吸多多 婴儿纸尿裤   XL50片*2包,633
9581000012,【双11专享优惠/仅此一天】【灯芯糕&小法饼·组合装】老长沙糕点·纯手工·无添加,176
9582000097,Nestle/雀巢  高钙营养奶粉400g/袋,249
9586000104,金井  特级绿茶200g/袋,240
9587001050,【湖南特色】嘉信新晃10克*20龙须牛肉,204
9588000734,冰露 纯净水550ML,205
9588000766,【湖南特色】丹洋 开心鱼尾200g/袋,202
9588000819,妙洁PE30cm×30m保鲜膜（100尺盒装）,96870020
9588000822,妙洁纸杯8盎司装,497
9588000823,妙洁C型海绵百洁布2片装,809
9588000831,妙洁中号点断式保鲜袋,500
9588000836,妙洁魔吸胶棉神奇拖把,502
9588000837,妙洁COOL酷杯100只装,497
9588000839,妙洁保鲜袋（3支装）,500
9588000885,【湖南特色】满师傅  豆干混合装500g/袋,202
9589000064,【云猴生鲜】黄石溪 山林散养绿壳土鸡蛋10枚装,95860003
9589000171,【云猴生鲜】金龙鱼 家常劲道麦芯挂面1000G,292
9589000173,【云猴生鲜】金龙鱼 家常细圆麦芯挂面1000G,292
9590000030,【保税区发货】荷兰牛栏Nutrilon婴幼儿配方奶粉2段6-10个月850g,378
9592000023,溜溜梅 清梅60g,193
9592000025,溜溜梅 清梅160g,193
9592000029,溜溜梅 雪梅160g,193
9593000047,Richeese 丽芝士 纳宝帝奶酪威化饼干290g,126
9593000048,丽芝士 雅嘉奶酪味夹心玉米棒饼160g/盒,126
9593000049,丽芝士 芝心棒奶酪味夹心卷60g/盒,126
9593000050,丽芝士 芝心棒奶酪味夹心卷180g/盒,126
9593000051,丽芝士 纳宝帝奶酪威化饼干145g,126
9593000059,雀巢咖啡1+2原味48x15g,232
9593000264,Ora2皓乐齿净澈气息漱口水甜润苹果 460ml 清洁口腔口气 日本进口,370
9594000135,Oldenburger欧德堡 超高温处理全脂纯牛奶 200ml*24,113
9596000073,【湖南特色】东江清水   鱼仔系列 糖醋味干掉鱼仔300g/袋   口味鱼甜味毛毛鱼,202
9596000105,【云猴生鲜】宏宇 独头紫皮蒜竹篮装250g 产地山东,95870001
9600000584,蒙牛特仑苏环球精选有机奶250ml*12,216
9600000600,超纤柔软毛情侣牙刷,367
9602000235,海尔XQB75-M12699洗衣机,578
9602000395,小天鹅  TB75-8268H  7.5公斤 大瀑布 全自动  波轮洗衣机,578
9678000140,百草味 芒果干120g,200
9678000155,溜溜梅 绿茶梅60g,193
9678000263,【湖南特色】牛浪汉 泡椒牛肉60g/袋,202
9678000265,【湖南特色】牛浪汉 麻辣牛肉干60g/袋,202
9680000067,好管家   楠竹砧板  长方形竹菜板 竹菜板(38*28*1.7cm),541
9680000070,好管家  便携式餐具四件套装,553
9684000048,Q-天添优品  薰衣草香型柔肤洗衣液 2.5kg+500g/瓶,473
9685000064,【保税区发货】日本尤妮佳Moony 纸尿裤S84片,411
9685000066,【保税区发货】日本尤妮佳Moony 纸尿裤L54片,632
9686000117,【湖南特色】大佳億  泡椒臭干子90g/袋,202
9686000119,【湖南特色】乡阔佬 鹌鹑蛋山椒味9个无壳70g/袋,202
9686000120,【湖南特色】乡阔佬  鹌鹑蛋乡巴佬味9个壳80g/袋,202
9686000126,【湖南特色】大佳億  泡椒牛板筋90g/袋 保质期至：2015/12/19,202
9686000134,【湖南特色】蜀鼎  香辣金针茹40g/袋,202
9686000150,【湖南特色】彭师傅 口味腊肉22g,202
9686000151,【湖南特色】彭师傅  口味肠皮22g,202
9686000152,【湖南特色】彭师傅  口味脆骨22g,202
9686000156,【湖南特色】扭妞 萝卜条90g/袋,202
9686000158,【湖南特色】湘飘飘 爽口小萝卜头130g/袋,202
9686000162,【湖南特色】靖港古镇  毛毛鱼60g/袋  香辣小黄鱼干仔,202
9686000164,【湖南特色】靖港古镇  香酥QQ鱼60g/袋 保质期至：2015/12/12,202
9686000166,【湖南特色】与美 香辣藕70g/袋  开胃拌饭 休闲零食素食小吃 酱腌菜,202
9686000169,【湖南特色】辣翻天  翻天娃系列158g/袋,202
9686000186,【保税区发货】德国喜宝有机奶粉HiPP 12+ (1岁以上) 800g,93980002
9686000191,【保税区发货】德国喜宝益生菌奶粉HiPP 1+ (1-2岁) 600g 3盒装,93980002
9686000192,【保税区发货】德国喜宝益生菌奶粉HiPP 2+ (2岁以上) 600g,93980003
9687000018,【云猴特卖】德国Frischli菲仕利 纯牛奶礼盒装200ml*12,113
9687000112,【保税区发货】加拿大（Ddrops）婴儿维生素D3滴剂 宝宝补钙（0岁以上）90滴,406
9690000056,【保税区发货包邮】 Femfresh女性私密洗液产后私处日常清洁温和 洋甘菊型250ml,323
9691000274,澳优 代膳脱脂奶粉 成人 中老年 丹麦原装进口 800克,113
9692000017,【自营包邮】荷兰美素Hero baby奶粉1段800g(0-6个月),93980002
9692000018,【自营包邮】荷兰美素Hero baby奶粉2段800g(适合6-10个月),93980003
9692000020,【自营包邮】德国爱他美Aptamil白金版奶粉pre段800g(0-3个月),93980001
9692000022,【自营包邮】德国爱他美Aptamil白金版奶粉2段800g(6-12月),378
9692000026,【自营包邮】德国爱他美Aptamil系列3段1200g(10-12个月),380
9692000027,【自营包邮】德国爱他美Aptamil系列PRE段800g(0-3个月),93980001
9692000028,【自营包邮】德国爱他美Aptamil系列1段800g((3-6个月),377
9692000029,【自营包邮】德国爱他美Aptamil系列2段800g(6-10月),378
9692000030,【自营包邮】德国爱他美Aptamil系列3段800g(10-12个月),380
9692000031,【自营包邮】德国爱他美Aptamil系列1+段600g(1-2岁),93980002
9692000032,【自营包邮】德国爱他美Aptamil系列2+段600g(2岁以上),93980003
9692000045,【自营包邮】德国喜宝HiPP益生菌有机奶粉奶粉3段600g(10-12月),380
9692000048,德国喜宝HiPP有机奶粉PRE段600g(0-3个月),93980001
9692000049,【自营包邮】德国喜宝HiPP有机奶粉1段600g(3-6个月),377
9692000050,【自营包邮】德国喜宝HiPP有机奶粉2段800g(6-10月),378
9692000053,【自营包邮】德国喜宝HiPP有机免敏小米营养米粉米糊 250g 4个月以上,387
9692000054,【自营包邮】德国喜宝HiPP有机七种谷物营养米粉 250g  6个月以上,387
9692000055,【自营包邮】荷兰牛栏Nutrilon奶粉1段850g(0-6个月),377
9692000058,荷兰牛栏Nutrilon奶粉4段800g(1-2岁),383
9692000059,【自营包邮】荷兰牛栏Nutrilon奶粉5段800g(2岁以上),93980004
9692000072,【自营包邮】日本大王GOO.N纸尿裤NB90片 0~5KG,409
9692000076,【自营包邮】日本大王GOO.N纸尿裤XL42片 12～20KG,633
9692000083,【自营包邮】日本尤妮佳Moony纸尿裤NB90片 新生儿~5kg,409
9692000084,【自营包邮】日本尤妮佳Moony纸尿裤S84片 4~8kg,411
9692000085,【自营包邮】日本尤妮佳Moony纸尿裤M64片 6~11kg,631
9692000086,【自营包邮】日本尤妮佳Moony纸尿裤L54片 9~14kg,632
9692000087,【自营包邮】日本树之惠本铺美人天然树液足贴30枚 美容养颜（钛元素）,96930001
9692000088,【自营包邮】日本树之惠本铺美人天然树液足贴30枚 促进血液循环 (辛辣),96930001
9692000089,【自营包邮】日本树之惠本铺美人天然树液足贴30枚 补湿通气（艾草）,96930001
9692000090,【自营包邮】日本树之惠本铺美人天然树液足贴30枚 安神助眠（薰衣草）,96930001
9692000091,【自营包邮】日本树之惠本铺美人天然树液足贴30枚 瘦身减肥（西柚）,96930001
9692000092,【自营包邮】花王乐而雅日用25cm 19片 量多日用,100840002
9692000093,【自营包邮】花王乐而雅日用25cm 18片 敏感肌,100840002
9692000094,【自营包邮】花王乐而雅夜用35cm 13片 超薄瞬吸,100840002
9692000095,【自营包邮】花王乐而雅夜用40cm 7片 敏感肌,100840002
9692000096,【自营包邮】花王乐而雅日用25cm 17片 敏感肌,100840002
9692000097,【自营包邮】花王乐而雅日用22.5cm  22片 敏感肌,100840002
9692000098,花王乐而雅护垫62片〈消臭〉,100840002
9692000101,【自营包邮】花王乐而雅夜用34cm  9片 敏感肌,100840002
9692000103,【自营包邮】日本尤妮佳（Center-in）超薄干爽系列（24cm/17片日用）,100840002
9692000104,【自营包邮】日本尤妮佳（Center-in）超薄干爽系列（21cm/22片日用）,100840002
9692000105,日本尤妮佳（Center-in）超薄棉柔系列（21cm/22片日用）,100840002
9692000107,【自营包邮】日本大王（GOO.N）（Megami系列）（32cm/11片夜用）,100840002
9692000108,【自营包邮】日本大王（GOO.N）（Megami系列）（27cm/18片日用）,100840002
9692000109,日本大王（GOO.N）（Megami系列）（23cm/22片日用),100840002
9692000110,【自营包邮】苏菲亲肤系列敏感肌肤日常日用带护翼21cm *26片,100840002
9692000111,【自营包邮】苏菲亲肤系列敏感肌肤量多日用带护翼23cm *20片,100840002
9692000112,【自营包邮】苏菲亲肤系列超薄 量多日用带护翼21cm * 25片,100840002
9692000113,【自营包邮】苏菲亲肤系列超薄 超多量日用带护翼25cm *19片,100840002
9692000114,【自营包邮】苏菲亲肤系列敏感肌肤可用量多夜用带护翼29cm *10片,100840002
9692000115,【自营包邮】苏菲亲肤系列敏感肌肤可用量多可持久日用带护翼25cm *16片,100840002
9692000116,【自营包邮】苏菲亲肤系列敏感肌肤可用量大夜用带护翼33cm * 9片,100840002
9692000117,【自营包邮】苏菲亲肤系列敏感肌肤可用特多夜用带护翼40cm * 8片,100840002
9692000119,【自营包邮】日本无比滴婴儿止痒无比露50ml,467
9692000131,【自营包邮】日本花王Merries纸尿裤S82片 4～8KG,411
9692000132,【自营包邮】日本花王Merries纸尿裤M64片,631
9692000133,【自营包邮】日本花王Merries纸尿裤L54片,632
9692000134,日本花王Merries拉拉裤L44片,418
9692000135,【自营包邮】日本花王Merries拉拉裤XL38片 12～22KG,633
9692000186,【湖南特色】凤沅  喵喵鱼香辣味60g/袋,202
9692000197,【保税区发货】德国碧然德Brita过滤水壶Marella 金典系列 3.5L 蓝色 一壶一芯,696
9694000049,湘佳老母鸡生态散养土鸡不吃饲米喂养现杀发货净重约2.5斤,95880001
9694000063,【湖南特色】渔湘四海 鱼仔31g/袋,202
9697000064,包邮 英国infacol西甲硅油婴儿防肠胃胀气 肠绞痛 缓和滴剂 0+,467
9698000027,Calvin Klein卡文克莱卡莱优淡香水 CK ONE 100ml(经典旧款),96940001
9700000164,【自营包邮】荷兰美素Hero baby奶粉1段800g(0-6个月),93980002
9700000166,【自营包邮】荷兰美素Hero baby奶粉2段800g(适合6-10个月),93980003
9700000175,【自营包邮】德国喜宝HiPP有机奶粉2段800g(6-10月),378
9700000181,【自营包邮】德国喜宝HiPP益生菌有机奶粉初段Pre段600g(0-3个月),93980001
9700000183,【自营包邮】德国喜宝HiPP益生菌有机奶粉2+段600g(2岁以上),93980003
9700000189,【自营包邮】德国喜宝HiPP有机奶粉3段800g(10-12月),380
9700000195,【自营包邮】德国喜宝HiPP益生菌有机奶粉奶粉1段600g(3-6个月),377
9700000197,【自营包邮】德国爱他美Aptamil白金版奶粉2段800g(6-12月),378
9700000202,【自营包邮】德国爱他美Aptamil系列PRE段800g(0-3个月),93980001
9700000204,【自营包邮】德国爱他美Aptamil系列1段800g((3-6个月),377
9700000207,【自营包邮】德国爱他美Aptamil系列2段800g(6-10月),378
9700000209,【自营包邮】德国爱他美Aptamil系列3段800g(10-12个月),380
9700000211,【自营包邮】德国爱他美Aptamil系列1+段600g(1-2岁),93980002
9700000213,【自营包邮】德国爱他美Aptamil系列2+段600g(2岁以上),93980003
9700000220,【自营包邮】德国特福芬Topfer有机奶粉3段600g(10-12个月),380
9700000229,【保税区发货】日本大王GOO.N 纸尿裤M68片,631
9701047282,百嘉 全脂纯牛奶250ML*24,113
9701047456,Max Factor蜜丝佛陀水漾魔幻触感粉底霜液45号11.5g [玉瓷色],782
9702000040,【自营包邮】花王蒸汽眼罩柚子味14片装,100840003
9702000041,【自营包邮】花王蒸汽眼罩洋甘菊味14片装,100840003
9702000042,【自营包邮】花王蒸汽眼罩薰衣草味14片装,100840003
9702000043,【自营包邮】花王蒸汽眼罩无香味14片装,100840003
9702000044,【自营包邮】花王蒸汽眼罩玫瑰味14片装,100840003
9702000050,Max factor蜜丝佛陀水漾魔幻触感粉底霜液40# 11.5g（象牙白）,864
9702000199,【自营包邮】日本花王Merries纸尿裤M64片,631
9702000202,【自营包邮】日本花王Merries纸尿裤L54片,632
9774000024,统一晴蓝奶茶-萌神礼盒,800
9774000311,【湖南特色】彭师傅  口味脆骨22g*10,202
9774000427,【自营包邮】美国嘉宝Gerber1段 DHA&益生菌米粉 227g  4个月以上,387
9774000431,【自营包邮】Happy baby禧贝3段DHA有机谷物高铁婴儿食品米粉三段198g,387
9774000432,【自营包邮】Happy baby禧贝辅食有机婴儿糙米米粉一段198g/盒,387
9774000433,【自营包邮】Happy baby禧贝2段有机婴儿燕麦米粉198g/盒,387
9774000436,【自营包邮】美国嘉宝Gerber辅食零食苹果草莓星星泡芙42g/罐,753
9774000437,美国嘉宝Gerber辅食零食香蕉星星泡芙42g/罐,753
9774000440,【自营包邮】Happy baby禧贝辅食零食草莓泡芙圈60g/罐,753
9774000441,【自营包邮】Happy baby禧贝辅食零食綠色泡芙圈60g/罐,387
9774000449,【自营包邮】Aveeno艾维诺婴幼儿天然燕麦润肤霜227g/支,455
9774000450,【自营包邮】Aveeno艾维诺婴幼儿天然燕麦润肤乳227g/支,455
9774000454,【自营包邮】美国加州宝宝California 金盏花草洗发沐浴露 251ml/瓶,453
9774000464,【自营包邮】美国加州宝宝California  防蚊液 儿童香茅驱蚊虫喷雾 59ml/瓶,460
9774000466,【自营包邮】美国加州宝宝California 桉树泡泡沐浴露 抗感冒流感鼻塞 384ml/瓶,453
9774000473,California加州宝宝镇静舒缓面霜57g/瓶,455
9774000474,【自营包邮】美国加州宝宝California 金盏花面霜57g/瓶,455
9774000476,【自营包邮】美国加州宝宝California 金盏花草润肤乳液 192ml/瓶,455
9774000486,【自营包邮】Happy baby禧贝辅食零食有机酸奶香蕉芒果溶豆28g/袋,753
9776000118,【湖南特色】湖湘贡  劲道鸭脖（香辣）15g*30,202
9776000151,【自营包邮】Earth's Best  1段有机婴儿大米米粉227g/盒,387
9776000152,【自营包邮】Earth's Best   2段有机婴儿燕麦米粉227g/盒,387
9776000153,【自营包邮】Earth's Best  3段有机婴儿混合谷物米粉 227g/盒,387
9777000098,Estee Lauder雅诗兰黛特润眼部修护精华霜5ml,335
9777000102,Estee Lauder雅诗兰黛精华露(13年新版无盒）7ml,792
9778000037,【保税区发货】德国碧然德Brita滤水壶滤芯Maxtra 6只装,696
9778000102,韩国nature republic自然乐园芦荟胶300ml,98740001
9780000103,【保税区发货】澳洲德运Devondale 高钙成人全脂奶粉,375
9781000008,Nature Republic 纳益其尔（自然乐园）芦荟胶 舒缓保湿凝胶 300ml*2,98740001
9782000041,2080儿童牙膏  套装（草莓味）80g/支  护牙送儿童牙刷,365
9783000673,【自营包邮】澳洲爱他美Aptamil金装幼儿配方奶粉1段 900g 0~6个月,377
9783000674,【自营包邮】澳洲爱他美Aptamil金装幼儿配方奶粉2段  900g 6~12个月,378
9783000675,【自营包邮】澳洲爱他美Aptamil金装幼儿配方奶粉4段 900g 2岁以上,383
9783000676,【自营包邮】澳大利亚Bellamys贝拉米有机婴儿牛奶粉3段 900g 12个月以上,380
9783000677,【自营包邮】澳大利亚Bellamys贝拉米有机婴儿牛奶粉2段 900g 6~12个月,378
9783001269,【保税区发货】艾维诺 燕麦全天候舒缓润肤保湿乳液 532ml,455
9783001271,艾维诺燕麦润肤乳婴儿湿疹乳霜206g,455
9783001273,【保税区发货】艾维诺缓解湿疹沐浴乳236ml,453
9783001276,【保税区发货】艾维诺无泪洗发沐浴二合一354ml,453
9783001280,【自营包邮】美国帕玛氏palmer's 孕妇防妊娠纹乳液 250ml,635
9783001282,【自营包邮】美国帕玛氏Palmer's 妊娠纹修复精华,635
9784000154,【鲜品味旗舰店_锁鲜装】鸭脖200g盒 湘潭特产官方新鲜食品零食,95950001
9784000243,美国护舒宝always未来感极护液体卫生巾36片 日用,100840002
9785000025,【保税区发货】日本COSME资生堂Fino 7种美容液渗透护发发膜230g,349
9785000027,【保税区发货】日本Biore/碧柔 防晒水感精华露 防晒霜 SPF50+/PA++++ 50g(学生军训必备）,341
9787000018,【鲜品味旗舰店_锁鲜装】酱卤凤爪200g盒 湘潭特产官方新鲜食品零食,95950001
9787000034,【自营包邮】膳魔师保温杯JNM-360BRD(360ML),546
9787000051,【保税区发货】澳大利亚德运（Devondale）高钙全脂成人牛奶粉（1000克）,249
9788000056,【保税区发货】澳洲德运（Devondale）高钙脱脂成人奶粉 1KG装,249
9788000079,包邮 英国 Boots小黄瓜维他命深层保湿乳液 150ml 美白补水孕妇可用,635
9788000095,伊利  安慕希希腊酸奶蓝莓味205g*12,220
9788000148,丽芝士 纳宝帝奶酪威化饼干290g*3,126
9789000011,爽然Shinrea 亲柔尿不湿 屁屁好朋友干爽大号 实惠装柔软透气纸尿片L32片,632
9790000049,【自营包邮】德国HiPP喜宝香蕉面包牛奶晚安米粉米糊  500g 4个月以上,387
9790000054,【自营包邮】澳大利亚Lucas Papaw Ointment番木瓜膏25g,100840003
9790000057,【自营包邮】英国Bio-Oil生物油/百洛油200ml预防妊娠纹祛疤,635
9790000063,【自营包邮】德国HiPP喜宝有机香蕉牛奶米粉  500g 4个月以上,387
9790000068,【自营包邮】美国Gerber嘉宝2段青苹果香蕉混合水果大米粉 227g 6个月以上,387
9790000069,【自营包邮】美国Gerber嘉宝2段苹果番薯混合谷物米粉 227g 6个月以上,387
9790000080,【自营包邮】美国Gerber嘉宝 番薯口味星星泡芙42g,753
9790000083,【自营包邮】美国Gerber嘉宝 2段蜜桃苹果米粉 227g 6个月以上,753
9790000086,【自营包邮】美国Gerber嘉宝3段香蕉草莓谷物燕麦米粉 227g 9个月以上,387
9790000105,【自营包邮】澳大利亚Goat Soap纯手工山羊奶皂 原味敏感肌肤儿童适用,453
9790000107,【自营包邮】英国bonjela 婴儿出牙止痛凝胶 口腔溃疡 牙胶15g 2月+,467
9790000108,【自营包邮】英国Euthymol经典复古牙膏75ml,100840003
9790000147,【自营包邮】DrScholl电动磨脚石 轻轻松松去死皮老茧润滑双足,94770001
9797000026,旅之星（Travel star） 充电头C-01双头（适配苹果及大部分DV 5V 1A手机）1个,92930119
9797000028,旅之星（Travel star） sjx-02 苹果口和安卓口数据线（1根）,92930119
9797000076,Cetaphil/丝塔芙保湿润肤乳118ml 温和补水保湿滋润身体乳,333
9797000099,Cetaphil/丝塔芙洁面乳237ml 深层清洁补水保湿洗面奶男女,330
9797000102,Cetaphil/丝塔芙洁面乳118ml 深层清洁保湿温和洗面奶 加拿大产,330
9797000127,可么多么comotomo奶瓶(250ml绿),442
9797000129,【自营包邮】可么多么comotomo奶瓶 (250ml粉) 适合3-6个月,442
9797000130,【自营包邮】可么多么comotomo奶瓶(250ml绿) 适合3-6个月,442
9797000137,【自营包邮】可么多么comotomo三段奶嘴 适合6个月以上,444
9797000144,芙丽芳丝净润洗面霜100g  男女深层清洁补水保湿氨基酸泡沫洗面奶,330
9798000314,【云猴生鲜】三全 儿童紫薯花卷130g,100810003
9798000356,【自营包邮】Nature's Way钙+VD 软糖,406
9798000357,【自营包邮】Nature's Way维C+锌软糖,406
9798000358,【自营包邮】Nature's Way防挑食软糖,406
9798000359,【自营包邮】Nature's Way鱼油软糖,100780020
9798000360,【自营包邮】Nature's Way蔬菜软糖,406
9798000369,【自营包邮】澳大利亚Goat Soap纯手工山羊奶皂 蜂蜜味 保湿杀菌,453
9798000370,【自营包邮】澳大利亚Goat Soap纯手工山羊奶皂 柠檬味 有效祛死皮,453
9798000388,【自营包邮】Bio Island婴幼儿液体鱼油盒装 30粒,100780020
9798000389,【自营包邮】Bio Island液态纯乳钙 30粒,404
9798000390,【自营包邮】Bio Island天然藻类海藻油DHA 60粒,100780020
9798000391,【自营包邮】Bio Island小熊补锌片 120粒,404
9800000029,A.H.C 第三代ahc眼霜30ml,335
9801000130,美的(Midea)搅拌机料理BL25B12果汁 榨汁机 豆浆,582
9801000225,【自营包邮】英国牛栏Cow&Gate 2段婴幼儿奶粉 900g（6-12月）,378
9801000226,【自营包邮】英国牛栏Cow&Gate 3段婴幼儿奶粉 900g (1-2岁),380
9801000227,【自营包邮】英国牛栏Cow&Gate 4段婴幼儿奶粉 800g (2~3岁),383
9801000230,【自营包邮】英国SMA惠氏3段  900g,380
9801000233,【自营包邮】英国NANNYCARE纳尼凯尔羊奶3段  900g,380
9801000244,【自营包邮】英国Aptamil爱他美1段   900g（0-6月）,377
9801000246,【自营包邮】英国Aptamil爱他美2段 900g（6-12月）,378
9801000247,【自营包邮】英国Aptamil爱他美3段 900g（1-2岁）,380
9801000248,【自营包邮】英国Aptamil爱他美4段 800g（2-3岁）,383
9802000221,【自营包邮】日本花王Merries纸尿裤L58片,632
9873000127,【保税区发货】花王 Laurier 乐而雅 speed+日用卫生巾20.5CM*28片（1包装）,321
9873000128,【保税区发货】花王 Laurier 乐而雅 speed+零触感特薄长时间日用卫生巾25CM*19片（1包装）,321
9873000129,【保税区发货】花王 Laurier 乐而雅 speed+零触感特薄长时间夜用卫生巾30CM*15片（1包装）,321
9874000029,贵太太  纯茶油+纯玉米油调和油  健康新选择  4L,285
9874000091,妙洁  COOL酷杯50只装,497
9874000328,理肤泉清痘净肤舒缓洁面啫喱50ml 男女控油祛痘洗面奶 收缩毛孔,330
9878000111,【自营包邮】日本尤妮佳MoonyXL38片 拉拉裤(训练裤)男 12~17kg,418
9879000166,意大利Mellin美林辅食 苹果 200g,389
9879000170,【自营包邮】意大利Mellin美林辅食 苹果蓝莓 200g,389
9879000267,春光  椰香酥卷105g/盒,180
9881000100,【全球购】Healthy Care蜂胶2000mg 200粒 进口天然健康营养品 澳洲直邮,98810001
9882000200,【香港直邮】日本进口Calbee/卡乐比水果颗粒多种营养麦片 早餐800g,247
9884000009,薇姿润泉舒缓喷雾50ml 补水保湿舒缓敏感肌肤爽肤水 中样旅行便携装,343
9886000459,【包邮】雅诗兰黛花漾唇彩32# 6ml,335
9887000015,兰蔻新精华肌底液5ml,792
9888000243,【自营包邮】peacock保温杯0.4L R,546
9888000244,【自营包邮】peacock保温杯0.4L AK,546
9888000247,【自营包邮】小林制药儿童退热贴身体用14片,467
9889000115,Vichy/薇姿温泉纯净泡沫洁面霜50ml 深层清洁保湿滋润洗面奶 中小样,330
9889000194,多多 麻辣香干100g,202
9889000197,靖港古镇 毛毛鱼8g*50,202
9889000198,章鸭子 香辣毛豆90g,202
9892000154,【云猴生鲜】澳大利亚 进口脐橙8枚装（约1.6kg）,93
9893000092,安佳  超高温灭菌全脂牛奶250ml*10/提,113
9893000167,南北特 砂罐卤干（香辣味）25g*20,202
9893000169,南北特 鹌鹑蛋香辣味80g,202
9894000080,海尔(Haier)  LE32B510X  32英寸   液晶智能电视,574
9894000318,韩国进口即冲饮品 迪乐司蜂蜜柚子茶饮品1kg/瓶   水果饮品冲饮果酱,145
9894000400,可瑞安原味小苏打饼干56g 韩国进口,126
9895000021,苏泊尔陶晶智能电饭煲CFXB30FD22-60  3L,581
9895000056,超能植翠洗衣液 鲜艳亮丽 1000ml,473
9895000057,超能植翠洗衣液（柔顺舒适）1.5kg*2,473
9895000070,超能植翠低泡洗衣液500g,473
9898000083,海尔（ Haier）XQB50-M1269A 5公斤 全自动家用波轮洗衣机,578
9899000057,Shiseido资生堂洗颜专科柔澈泡沫洁面乳120g,330
9899000060,Nuxe欧树蜂蜜洁面凝胶 400ml,330
9899000074,Avene雅漾舒护活泉水喷雾300ml,343
9899000080,Clinie可莱丝面膜贴 NMF针剂水库深层补水保湿面膜 10片/盒,331
9899000082,Avene雅漾舒护活泉水喷雾50ml,343
9899000088,Caudalie欧提丽大葡萄水活性喷雾 200ml,343
9899000103,【自营包邮】贝亲Pigeon母乳实感乳 玻璃奶瓶160ml,442
9899000109,【保税区发货】山本汉方贝壳除菌果蔬/洗菜粉 90g,480
9899000115,【自营包邮】狮王Lion强效洁净洗衣液900g,473
9899000140,DHC蝶翠诗 橄榄润唇膏1.5g,783
9899000153,Dior迪奥魅惑粉漾润唇膏3.5g,783
9899000156,Esthe Dew伊特露 美白化妆水500ml,343
9899000157,Estee Lauder雅诗兰黛肌透修护眼部精华霜 15ml,335
9899000159,Esthe Dew伊特露 樱桃精华化妆水500ml,343
9899000161,Nuxe欧树神奇补水眼霜 15ml,335
9899000163,Esthe dew伊特露高保湿 卸妆水 500ml,793
9899000165,Nuxe欧树纯玫瑰花瓣柔肤水200ml,343
9899000166,Esthe Dew伊特露芦荟水 化妆水500ml,343
9899000167,澳大利亚Lucas Papaw 木瓜膏 25g,333
9899000170,英国Femfresh女性无皂洗护液（洋甘菊）250ml,97020003
9899000176,Nature Republic自然乐园芦荟舒缓保湿凝胶300ml（芦荟胶）,333
9899000177,英国Femfresh女性无皂洗护液（百合）250ml,97020003
9899000181,Naturie薏苡仁薏仁美白保湿化妆水500ml,343
9899000185,Shiseido资生堂FINO发膜 230g,349
9899000187,Amore爱茉莉玫瑰精华护发油 (轻型) 70ml,349
9899000189,Bioderma贝德玛深层舒妍卸妆水（红盖） 500ml,793
9899000190,Bioderma贝德玛深层舒妍卸妆水（绿盖）500ml,793
9900000114,日本Ora2皓乐齿 亮白净色牙膏 甜蜜鲜桃味 粉色 130g,365
9900000116,日本Ora2皓乐齿 亮白净色牙膏 清爽薄荷味 蓝色 130g,365
9902000170,老茧粮品 竹荪 无硫磺熏制 自然生长 不施化肥促生剂 2015新货 35g,305
9902000322,养生堂  母亲牛肉棒原味22G*3/袋,202
9903000170,【保税区发货】新西兰Streamland（新溪岛）柠檬蜂蜜（500克）,100780017
9974000028,包邮 英国sudocrem屁屁乐疹护臀霜深层清洁面膜黑头粉刺 125g 0+,455
9975000078,Q-天添优品2粒装45cm*65cm背心式垃圾袋,96870019
9975000114,资生堂尿素护手霜100g 红色盒,3950001
9975000115,盛田屋豆乳面膜150g,331
9975000117,日本狮王柔和按摩牙刷（单个装 颜色随机）,367
9975000127,日本Kumano熊野油脂 无硅马油洗发水600ml,347
9975000128,日本Kumano熊野油脂 无硅马油护发素600ml,349
9975000131,日本ora2 皓乐齿亮白净色牙膏 玫瑰果香130g,365
9975000134,GUM牙刷#428 （单只装  颜色随机）,367
9975000137,日本 Lion狮王zact去烟渍牙膏150g,365
9975000192,Borghese贝佳斯粉泥212g,331
9976000015,Nuxe欧树睡莲密集霜 最新包装 50ml,98740001
9976000016,芙丽芳丝保湿修护中样3件套 洗面奶20g+化妆水30ml+乳液15ml  补水保湿滋润旅行便携装,340
9976000026,Shiseido资生堂保湿专科化妆水(滋润型) 200ml,343
9976000028,Nuxe欧树鲜奶乳液新款 50ml,333
9976000073,Shiseido资生堂拍拍乐611 20g,785
9976000076,日本Sana莎娜浓润豆乳美肌化妆水滋润型200ml,343
9976000077,日本Sana莎娜肌饮胶原浓润保湿化妆水200ml,343
9977000067,【全球购】Bio Island液体乳钙90粒 宝宝成长 健康营养 进口 澳洲直邮,95920013
9977000071,兰蔻新立体塑颜紧致晚霜15ml,333
9977000167,美国Avalon阿瓦隆芒果洗发水 414ml,347
9977000174,美国Avalon阿瓦隆B群护发素 397g,349
9977000238,【自营包邮】日本原装 妮飘Nepia 贵族盒装超柔鼻炎感冒 200抽*3盒,489
9977000313,美国CeraVe保湿无泡洁面乳355ml,330
9977000325,Nuxe欧树鲜奶密集霜 新款白盒子 50ml,333
9977000326,Nuxe欧树睡莲普通霜 最新包装 50ml,333
9977000327,Nuxe欧树鲜奶普通霜 14年新款白盒子50ml,98740001
9977000344,美国Alpha Hydrox AHA 果酸面霜 56g,333
9978000046,Mane 'n Tail箭牌马用经典洗发水946ml,347
9978000047,Mane 'n Tail箭牌马用经典洗发水355ml,347
9978000051,资生堂水润唇膏 药用无香料无色3.5g,336
9978000083,Mane 'n Tail箭牌马用经典护发素946ml,349
9978000089,Kumano熊野马油洗发水600ML,347
9978000091,Kumano熊野马油沐浴露600ML,357
9978000092,Kumano熊野马油护发素600ML,349
9978000094,目元Cosmetex Roland水润保湿去眼袋眼霜20g,335
9978000095,日本目元 Roland Q10弹力玻尿酸修护眼霜20g,335
9978000107,日本Kose高丝softymo清爽温和保湿卸妆油 粉色 230ml,793
9978000108,Kose高丝玻尿酸高保湿眼唇卸妆液 230ml,793
9978000119,美国Tigi蒂芝宝贝蛋 200ml,349
9978000120,Mandom曼丹高效眼唇水油分离卸妆液145ml,793
9978000121,菊正宗日本酒化妆水滋润型 （粉水）500ml,343
9978000123,菊正宗日本酒化妆水 清爽型（白水）500ml,343
9978000124,Loreal欧莱雅眼唇卸妆液125ml,793
9978000127,Shiseido资生堂保湿专科美白化妆水（清爽）200ml,343
9978000128,【保税区发货包邮】澳大利亚德运（Devondale）高钙脱脂成人牛奶粉（1000克）,249
9978000131,Shiseido 资生堂修眉刀/刮眉刀 3个装 100g,858
9978000132,日本黑龙堂卸妆油大容量250ml,793
9978000136,Reveur无硅 紫色洗发水500ml,347
9978000139,Reveur无硅 紫色护发素500ml,349
9978000145,【自营包邮】香港惠氏启赋 Wyeth illuma 幼儿配方奶粉 1段 900克 (0~6个月),377
9978000147,【自营包邮】香港惠氏启赋 Wyeth illuma 幼儿配方奶粉 3段 900克 (1~3岁),380
9978000156,日本Nepia妮飘鼻子贵族鼻炎纸巾一包16入,789
9978000157,Shiseido资生堂 213睫毛夹,786
9978000159,日本Melty Wink大眼立显眼霜17ml,335
9978000162,Shiseido资生堂新131斜平头粉底刷 30g,97020001
9978000169,美国Grandmas Secret奶奶的秘密衣物去渍清洁剂去污神器59ml,789
9978000170,日本Cosme大赏RosettePaste硫磺洗面奶 粉色90g,330
9978000171,兰蔻爱恋唇彩385    4.5ml,783
9978000176,Mentholatum曼秀雷敦14新版肌研极润玻尿酸高保湿化妆水 滋润型170ml,343
9978000177,Mentholatum曼秀雷敦14新版肌研极润玻尿酸高保湿乳液140ml,333
9978000227,Aussie袋鼠蓬松洗发水400ml,347
9979000024,Fruit of the Earth闪露芦荟胶原味芦荟胶56g,333
9979000027,Fruit of the Earth闪露芦荟胶芦荟胶680g,333
9979000030,美国Fruit of the Earth闪露维他命E特效保湿乳液118ml,333
9979000047,日本lucky海绵卷发器25mm,787
9979000050,Kao花王珂润保湿卸妆啫喱/卸妆蜜130g,793
9979000052,Kao花王碧柔body deli橙香沐浴露400ml,772
9979000055,Kao花王北极冰感冰片沐浴露 大象 210ml,772
9979000085,日本Kiss Me奇士美花漾美姬浓密防水睫毛膏新款 6g,99770012
9979000086,Kiss Me奇士美花漾美姬2014新品 轻羽薄膜型睫毛膏 6g,99770012
9979000110,【保税区发货】  日本白元一次性粘贴型暖身贴暖宝宝（四款随机）30枚入,96930001
9979000113,Kiss Me奇士美眉彩膏5# 8g,99770011
9979000137,原装Blistex碧唇 润唇膏（薄荷）SPF15 4.25g 呵护双唇,783
9979000138,Shiseido资生堂保湿专科美白化妆水（滋润）200ml,343
9979000140,Estee Lauder雅诗兰黛 弹性紧实活颜柔肤晚霜15ml,333
9979000145,Kose高丝babyish滋润保湿面膜（粉色） 7片,331
9979000149,Blistex碧唇修护润唇膏 小红6g 补水/改善唇色,783
9982000012,Missha谜尚大红BB霜21# 50ml,99770005
9982000013,Missha谜尚大红BB霜23# 50ml,99770005
9982000015,Max Factor蜜丝佛陀粉饼1# 10g,781
9982000025,Max Factor蜜丝佛陀完美遮瑕笔303#,99770007
9982000031,Max Factor蜜丝佛陀粉底霜40#11.5g,781
9982000042,Missha谜尚完美BB霜21# 45g,99770005
9982000080,Shiseido资生堂uno男士洁面白色新包装 130g,312
9982000081,Shiseido资生堂uno男士洁面黑色新包装 130g,312
9982000082,Shiseido资生堂uno男士洁面蓝色新包装 130g,312
9982000083,Shiseido资生堂Za美白防晒霜SPF26 35g,99770005
9983000099,Amore爱茉莉 吕氏洗发水 两件套 （黄吕洗发 200g+黄吕护发200g）,353
9983000118,Shiseido资生堂美润尿素护手霜 100g,3950001
9983000148,LG贵爱娘卫生巾 中药滋养 缓解痛经 18*21cm片装 日用,100840002
9983000151,LG贵爱娘卫生巾 中药滋养 缓解痛经 12片33cm装 夜用,100840002
9983000242,韩国Elizavecca 小白猪牛奶海盐猪皮睡眠面膜100ml,331
9983000299,It's Skin伊思 蜗牛系列 晶钻蜗牛霜60ml,98740001
9983000300,Mamonde梦妆 高弹力保湿抗皱紧致精华50ml,792
9983000301,Mamonde梦妆 高弹力保湿抗皱紧致面霜 50g,98740001
9983000302,It's Skin伊思 蜗牛系列 晶钻蜗牛清爽水140ml,343
9983000303,It's Skin伊思 蜗牛系列 晶钻蜗牛清爽乳140ml,333
9984000088,韩束绿野仙踪 菩提花舒缓沁心羽翼丝光面膜单片装,331
9984000089,韩束一叶子金盏花活肤精华水65ml,343
9984000093,韩束金盏花温泉水润乳液30ml,333
9984000094,【云猴生鲜】 新西兰 玫瑰苹果queen2个装（单果约190g/个）进口苹果,93
9984000097,包邮【云猴生鲜】新西兰 佳沛绿奇异果（30#）2个装（单果约113g/个） 绿心猕猴桃,93
9984000099,【云猴生鲜】马里奥 200元消费卡 官方提供 可重复消费 马里奥长沙店使用,95860002
9984000117,韩国The Well 清净秀 98%高纯度芦荟胶180ml,333
9984000151,甘蒂  牧场部分脱脂纯牛奶200ml*24,113
9984000152,甘蒂  牧场 全脂纯牛奶200ml*24,113
9984000167,Petitfee 璞帝妃 koelf 眼膜 （金）60p,331
9984000170,格兰仕（Galanz）KWS1538Q-F5M 电烤箱 38L,586
9984000190,DiaForce贵妇钻石眼膜贴 （黄金）60片,335
9984000263,Clinie可莱丝N.M.F补水睡眠面膜 超保湿 蓝色  5片装,331
9984000290,Clinie可莱丝A.P.L撕拉式面膜 祛黑头 祛角质 红色 5片100g,331
9985000023,Skin Food思亲肤 黑豆眼线笔1号酷黑色0.2g,99770013
9985000075,【保税区发货包邮】 英国Compeed 强效护脚膏防磨夏季高跟鞋新鞋必备,3950001
9985000076,Skin Food思亲肤 眉粉 巧克力1号灰黑2g,99770010
9985000086,韩国Etude House爱丽小屋 Tint樱桃持久染色唇彩 #RD301 7g,99770016
9985000087,Skin Food思亲肤 眉粉 巧克力2号咖啡2g,99770010
9985000089,Etude House爱丽小屋 Tint樱桃持久染色唇彩 #PK002 7g,99770016
9985000091,Etude House爱丽小屋 Tint樱桃持久染色唇彩 #OR201 7g,99770016
9985000096,Skin Food思亲肤 荞麦小麦散粉21号自然色23g,99770008
9985000188,韩国Etude House爱丽小屋 Stylying旋转眼线笔2# 0.2g,99770009
9985000206,Innisfree悦诗风吟 火山岩泥系列 加强型面膜100ml,331
9985000208,Etude House 爱丽小屋双头眉笔 1# 3g,99770009
9985000217,【自营包邮】博朗新款6520耳温枪 体温计 保税区发货,101850001
9985000219,Kose高丝babyiish滋润亮肤胶原蛋白面膜 （金色） 7片,331
9985000254,Kanebo嘉娜宝Kracie肌美精美白保湿抗皱紧致精华面膜40片,331
9985000273,日本Cosme大赏 Propolinse比那氏蜂胶复合漱口水 600ml,370
9985000277,Skin Food思亲肤 青葡萄粉饼13号明亮肤色12g,781
9986000842,【自营包邮】泰国萨拜迪Sabaidee  泰国天然乳胶枕 高低按摩枕,516
9986000844,【自营包邮】泰国萨拜迪Sabaidee  泰国天然乳胶枕 护肩枕,516
9986000845,【自营包邮】泰国萨拜迪Sabaidee 泰国天然乳胶枕 美肤枕 睡眠中改善肌肤问题,516
9986000846,【自营包邮】泰国萨拜迪Sabaidee  泰国天然乳胶枕 儿童青少年枕,516
9986000847,【自营包邮】泰国萨拜迪Sabaidee  泰国天然乳胶枕 保健枕,516
9986000856,Etude House 爱丽小屋双头眉笔 2# 3g,99770009
9986000860,Etude House 爱丽小屋双头眉笔 5# 3g,99770009
9986001019,韩国Etude House爱丽小屋 Proof 10 auto pencil10倍防水眼线笔BK801  0.3g,99770013
9986001023,3CE 高光棒 SHIMMER STICK # 桃色10g,780
9986001024,【自营包邮 】澳洲版新西兰白金A2 Platinum 婴儿配方奶粉1段 900g (0~6个月),377
9986001027,3CE 高光棒 Shimmer Stick # 粉色 10g,780
9986001039,3CE 眼线膏 Gel Eyeliner # Black 6g,99770013
9986001054,3CE 粉底液 Liquid Foundation # Ivory Beige 30ml,99770006
9986001241,韩国Too Cool For School 牛奶染唇液1#草莓9.5g,99770016
9986001268,韩国Too Cool For School 牛奶染唇液3#浆果9.5g,99770016
9986001319,3CE 防水眼线笔 Creamy Water Proof Eye Liner # 8Les MiserablesIserables,99770013
9986001320,3CE 滋润口红 Creamy Lip Color # 2 Cotton pie 4.5g,783
9986001322,韩国VDL 唇彩 601红色三色渐变口红 3.5g,783
9986001323,3CE 滋润口红  Creamy Lip Color # 12 Me me! 4.5g,783
9986001358,3CE 打底猪油膏 Pore Silky Balm 25g,99770007
9986001379,3CE 修容粉饼双色修容饼 Beige25g,99770007
9986001381,Amore 爱茉莉 Full cover 双头遮瑕笔 2#自然色,99770007
9986001382,日本Cosme大赏（蓝色）LuLuLun超保湿补水面膜  7片,331
9986001383,日本Cosme大赏 Rosette Paste药用硫磺洁面膏 90g,330
9986001384,韩国Etude House爱丽小屋 Precious Mineral珍珠BB霜 #WH13  60g,99770005
9986001386,韩国Etude House爱丽小屋 Precious Mineral珍珠BB霜 #N02 60g,99770005
9986001387,韩国Etude House 爱丽小屋 双头卧蚕眼影笔(细的) 2g,848
9986001393,Innisfree 悦诗风吟细致毛孔矿物散粉 5g,781
9986001394,日本北海道Loshi马油 滋润保湿舒缓乳霜 220g,98740001
9986001396,DHC蝶翠诗 深层卸妆油70ml,793
9986001397,DHC蝶翠诗 蜂蜜橄榄滋养皂 90g,330
9987000019,韩国Etude House爱丽小屋 Color Lips fit魔法慕斯哑光唇彩 #be101  10g,99770016
9987000024,Elizavecca小青猪皮面膜 100g,331
9987000026,韩国RE:CIPE莱斯璧水晶防晒喷雾 150ml,343
9987000038,Elizavecca小黑猪碳酸泡泡面膜 100g,331
9987000039,韩国Etude House爱丽小屋 Precious Mineral珍珠BB粉饼 #N02  10g,781
9987000051,韩国LG ReEn  润膏无硅洗发水护发素二合一 250ml,347
9987000057,Leaders丽得姿补水胶囊精华（面膜后使用）0.35ml*30粒,792
9987000060,Leaders丽得姿美白胶囊精华 30粒 200g,792
9987000063,日本Cosme大赏 ROSETTE摩洛哥火山泥洁面乳 (黄色) 120g,330
9987000066,日本Cosme大赏ROSETTE摩洛哥火山泥洁面乳 (粉色) 120g,330
9987000069,Cosme大赏ROSETTE 摩洛哥火山泥洁面乳 (绿色) 120g,330
9987000074,韩国Rainbow彩虹三部曲玻尿酸水库面膜贴 （蓝） 10片,331
9987000080,Nuxe欧树蜂胶洁面200ml,330
9987000082,Leaders丽得姿补水保湿针剂面膜贴 （蓝色） 10片,331
9987000083,Leaders丽得姿美帝优 AC水库保湿补水面膜贴 （蓝） 10片,331
9987000084,Leaders丽得姿美帝优 AC控油毛孔紧致面膜贴 （咖啡）10片,331
9987000086,Clinie可莱丝H.D.P黑炭面膜 美白保湿 10片,331
9987000091,Skin Food思亲肤 荞麦小麦散粉80号透明23g,781
9987000101,Clinie可莱丝W.H.P深层清洁竹炭面膜 美白保湿 10片,331
9989000053,温馨家园吸水地拖HJ2098,502
9990000085,【自营包邮包税 海外直采 香港仓发货】阿普丽佳Aprica 架空 儿童安全座椅 AP93476 JURIDE （黑）,95740001
9990000090,【自营包邮】日本原装 FaFa小熊净白洗衣液苹果香1.0KG,473
9990000092,FaFa小熊净白洗衣液  婴儿花香替换装900g,473
9990000180,【自营包邮】新秀丽硬壳万向轮旅行箱拉杆箱27寸,96990003
9990000295,Laneige兰芝雪纱防晒隔离霜（紫色）30ml,99770005
9990000296,Laneige兰芝雪纱防晒隔离霜（绿色）30ml,99770005
9990000340,Laneige兰芝夜间修护睡眠面膜 70ml,331
9990000368,SNP燕窝海洋面膜 10片,331
9990000370,SNP动物面膜贴（老虎）10片,331
9990000372,Cloud9九朵云Guerisson 奇迹马油霜70g,98740001
9990000392,SNP动物面膜贴（海豹）10片100g,331
9990000394,Innisfree悦诗风吟大自然精华芦荟面膜 5片100g,331
9990000395,Innisfree悦诗风吟大自然精华绿茶面膜 5片,331
9990000396,Innisfree悦诗风吟大自然精华蜂蜜面膜 5片,331
9990000397,Innisfree悦诗风吟大自然精华石榴面 5片100g,331
9990000398,Innisfree悦诗风吟大自然精华黑莓面膜 5片,331
9990000402,Laneige兰芝雪润无暇粉凝气垫BB霜15g+15g13#,99770005
9990000403,Laneige兰芝雪润无暇粉凝气垫BB霜21# 15g+15g,99770005
9990000404,VDL贝壳提亮液妆前乳30ml,780
9990000406,SNP动物面膜贴（熊猫）10片,331
9991000102,Cloud9九朵云美白祛斑霜50ml,98740001
9991000106,It's Skin伊思逆时空蜗牛洗面奶 150ml,330
9991000107,Iope亦博气垫粉底BB霜C21 SPF 50+/PA+++ 15g+15g,99770005
9991000111,Iope亦博气垫粉底BB霜N21 SPF 50+/PA+++15g+15g,99770005
9991000112,Leaders丽得姿竹炭活性黑炭深层清洁面膜贴 10片,331
9991000113,Innisfree悦诗风吟绿茶籽精萃水分菁露80ml,792
9991000114,It's Skin 伊思晶钻完美蜗牛全效BB霜SPF25/PA++50ml,99770005
9992001185,Amore爱茉莉Median麦迪安86牙膏（蓝色）120ml*3,365
9992001218,清风原木纯品原木金装3层130抽10包小规格抽取式面纸,489
9992001219,清风宝倍亲柔手口湿巾20片(家庭装),493
9992001220,清风100克40卷3层平纹长卷无芯卷纸(整箱装),490
9992001221,清风原木纯品系列2层150抽3包抽取式面纸(中规格),489
9992001222,清风倍柔系列2层200抽3包抽取式面纸(电商专供),489
9992001224,清风原木纯品150抽8包迷你型抽取式面纸(电商专供),489
9992001226,清风200抽20包迷你型抽取式面纸-小花,489
9992001227,清风倍柔婴儿湿巾80抽(电商专供),489
9992001229,清风原木纯品3层270段27卷卷筒卫生纸（整箱销售）,490
9992001230,清风超质感抽取式面巾纸抽纸2层80抽,489
9992001231,清风原木纯品迷你型抽取式面纸200抽抽面*24包/箱(整箱贩卖),489
9992001258,Holika好利卡 猪鼻子去黑头三部曲鼻贴 5片,331
9992001259,清风卡通三层手帕纸10包,495
9992001261,清风宝倍亲柔洁肤湿巾80片（家庭装）,493
9992001262,清风质感纯品2层200抽3包装小规格抽取式面纸,489
9992001263,清风 宝贝亲柔130抽6连包3层软抽,489
9992001264,清风绿茶茉香柔湿巾10片,493
9992001267,清风原木纯品3层270段10卷卷筒卫生纸,490
9992001271,韩国Banila Co 芭妮兰致柔卸妆膏 100ml,793
9992001272,Innisfree悦诗风吟大自然精华面膜（黄瓜1片+芦荟1片+绿茶1片+蜂蜜1片+石榴1片）共5片,331
9992001277,韩国Dongkook东国口腔护理博士漱口水250ml,370
9992001370,雪碧 汽水300ml*12,211
9992001380,Kiehls科颜氏黄瓜植物精华爽肤水 250ml,343
9992001381,Kiehls科颜氏黄瓜植物精华爽肤水 500ml,343
9992001382,Kiehls科颜氏金盏花植物爽肤水 250ml,343
9992001383,Kiehls科颜氏牛油果保湿眼霜 14g,335
9992001384,【包邮】Kiehls科颜氏牛油果保湿眼霜 28g,335
9992001391,Kiehls科颜氏亚马逊白泥净致面膜 142g,331
9992001392,Kiehls科颜氏高保湿精华爽肤水 250ml,343
9992001393,Kiehls科颜氏高保湿面霜 50ml,333
9992001411,Kiehls科颜氏高保湿面霜 125ml,333
9993000533,黑人牙膏双重薄荷175g,365
9993000571,Dior迪奥魅惑丰唇蜜001#6ml,783
9993000573,Adidas阿迪达斯男士3合1沐浴露-清新-白色 250ml,772
9993000574,Adidas阿迪达斯男士2合1沐浴露-炫能 400ml,772
9993000592,Guerlain娇兰幻彩流星粉球#03 25g,781
9993000597,L'occitane欧舒丹乳木果润手霜30ml*3（组合装）,3950001
9993000598,Clarins娇韵诗调和身体护理油 100ml,773
9993000602,Herbacin贺本清小甘菊经典护手霜75ml,3950001
9993000651,Lancome兰蔻催眠浓密娃娃大眼防水 睫毛膏 #01 6.5ml,99770012
9993000665,Origins悦木之源（品木宣言）肌肤再生修复洁面奶 150ml,330
9993000683,Loreal欧莱雅复颜密集抗皱紧致滋润日霜50ml,98740001
9993000713,【保税区发货】Softex Hello Kitty进口无荧光剂超萌卫生巾 日用、夜用、护垫5包组合,321
9993000742,日本REVEUR无硅洗发水染烫修护型500ml,347
9993000759,【自营包邮】美国原装进口  Ocean Spray优鲜沛蔓越莓干 - 原味 1.36kg/袋  原味果干,135
9993000760,【自营包邮】美国原装进口  Kirkland柯克兰蓝莓干567g/袋   护眼神器 无添加无糖零食,135
9993000765,【自营包邮】新西兰Thompson's汤姆森 葡萄籽19000mg 120粒,95920009
9993000770,北海道LOSHI马油 滋润保湿抗敏/消炎身体乳液485g,333
9994001737,Corean高丽雅娜高端肉毒杆菌美白面膜10片,331
9994001738,MANE SELECT DEEP MOIST SHMP升级版马牌深层保湿洗发露335ml,347
9994001739,普露威特 美国PLUS WHITE思美佳5分钟快速美白牙齿凝胶套装 美白牙膏（牙膏56g+漱口水118ml+垫口托盘）,365
9996000059,友臣  肉松饼2.5kg/箱,176
9996000255,德国进口 LAMY凌美钢笔 墨管,100950001
9996000272,【自营包邮】新西兰Thompson's汤姆森脂肪阻断剂50粒,95920004
9996000279,日本REVEUR无硅 护发素头发护理型粉色500ml,349
9996000280,日本REVEUR无硅 护发素养润保湿型紫色500ml,349
9996000281,日本REVEUR无硅 护发素染烫修护型绿色500ml,349
9996000282,日本REVEUR无硅 洗发水养润保湿型紫色500ml,347
9996000283,AUSSIE MOIS美国袋鼠保湿滋润护发素400ml修复干枯毛躁分叉补水柔顺,349
9996000284,AUSSIE美国 袋鼠洗发护发发膜 控油 丰盈蓬松护发素400ml,349
9996000286,AUSSIE美国袋鼠洗发护发发膜控油三分钟发膜亮泽修复236ml,349
9996000287,AUSSIE 美国袋鼠三分钟奇迹发膜236ml 强化发根修复脆发易断发质,349
9996000288,Avalon美国阿瓦隆维他命B群防脱发护发素 397ml,349
9996000289,AVALON美国阿瓦隆湛蓝精粹茶树薄荷护发素397g,349
9996000303,Cloud9九朵云奇迹马油精华水 120ml,792
9996000304,韩国Cloud9九朵云美白祛斑精华液 30ml,792
9996000305,Cloud9九朵云美白淡斑气垫BB霜 15g,99770005
9996000306,韩国Hepo赫珀精油宝石皂  120g,330
9996000309,韩国Pudding布丁果冻摇摇染发膏(5.4#焦糖玛奇朵套组一号剂70ml+2号剂70ml,354
9996000312,Sulwhasoo雪花秀采淡致美气垫BB霜21#（1个替换装）15g+15g,99770005
9996000313,韩国Phytotree发朵西瓜泡泡洗面奶洁面乳 150ml,330
9996000314,韩国Ohui欧蕙限量版气垫CC霜1# 15g*4（3个替换装）,99770005
9996000316,韩国LG ReEn润膏金丝燕窝洗护二合一无硅洗发膏 250ml,347
9996000317,日本Loshi北海道马油天然滋润保湿润肤乳液 485ml,98740001
9997000173,韩国Sinil Pharm疲劳贴 40片,771
9997000174,美国Forever New芳新金装洁净粉（洗衣粉）  955g,789
9997000175,日本汉方研究所贝壳洗菜粉 90g,789
9997000231,LION狮王CLINICA珍珠美白牙膏130g百花,365
9997000244,嘉宝Gerber  四段辅食 美国hearty bits草莓香蕉苹果果粒谷物米粉（227g）,387
9997000291,嘉宝Gerber 美国 4阶段草莓树莓果粒谷物米粉（227g）,387
9997000329,AUSSIE MOIST SHAMPOOAussie美国袋鼠保湿洗发水400ml保湿滋润烫染滋养修毛躁,347
9997000330,AUSSIE美国袋鼠丰盈蓬松洗发水400ml中油性发质适用,347
9997000332,AVALON美国阿瓦隆湛蓝精粹茶树薄荷洗发水414ml,347
9997000335,MANE SELECT SHAMPOO升级版马牌经典保湿控油洗发露335ml,347
9997000336,日本北海道Loshi马油 滋润保湿舒缓乳霜 220g,98740001
9997000348,和翔18g香辣鸭翅,202
9998000006,强生  婴儿香桃沐浴露特惠装1L/瓶   添加香桃叶精华温和 儿童沐浴,453
9998000046,和翔  鸭肉串盒装10g,202
9998000068,和翔 鸭肉串10g*5,202
9998000136,维达V2249细韧抽取式维达面巾136抽×6包,489
9998000182,韩束 东方昙花瞬白亮颜面贴膜 25ml*5片/盒,331
9999000259,The Face Shop菲诗小铺草本365泡沫洗面奶—绿豆 170ml,330
9999000260,The Face Shop菲诗小铺草本365泡沫洗面奶—芦荟 170ml,330
9999000261,The Face Shop菲诗小铺草本365泡沫洗面奶—水蜜桃 170ml,330
9999000262,The Face Shop菲诗小铺草本365泡沫洗面奶—柠檬 170ml,330
9999000263,The Face Shop菲诗小铺大米调理保湿乳液 150ml,333
9999000404,黑人特惠家庭装实惠2+2(黑人炭丝深洁牙刷特惠2支+黑人175g牙膏2支）,97010006
10000000044,【自营包邮】护舒宝COSMO 液体3D超吸收卫生巾棉 夜用 30cm10片,100840002
10000000045,护舒宝COSMO 液体3D吸收卫生巾棉 日用 27cm 10片,100840002
10000000095,美国EOS伊欧诗金银花蜜瓜润唇球7g,783
10000000096,美国EOS伊欧诗草莓雪芭润唇球7g,783
10000000097,美国EOS伊欧诗甜味薄荷润唇球7g,783
10000000098,美国EOS伊欧诗活力蓝莓润唇球7g,783
10000000156,美国Blistex碧唇修护润唇膏 小蓝罐7g,783
10000000157,美国Blistex碧唇润唇膏原味 润唇膏 SPF15 4.25g,783
10000000158,美国Blistex碧唇润唇膏Berry浆果味润唇膏 SPF15 4.25g,783
10000000159,美国Blistex碧唇润唇膏薄荷味润唇膏 SPF15 4.25g,783
10000000177,Kiehl's科颜氏金盏花植物爽肤水 500ml,343
10000000178,Kiehl's科颜氏1号护唇膏 15ml,783
10000000349,御食园  蜂蜜山楂58g/袋,200
10000000380,Fresh馥蕾诗睡莲滋润活颜面霜 50ml,98740001
10000000388,Fresh馥蕾诗澄糖丰盈致润护唇膏 4.3g,783
10000000402,【保税区发货包邮】荷兰牛栏Nutrilon 婴幼儿奶粉3段 （10-12个月) 800g,380
10000000409,【保税区发货包邮】荷兰牛栏Nutrilon 婴幼儿奶粉5段 2-7岁宝宝 荷兰原装 800g,93980004
10000000450,美妆套装（资生堂发膜120g+自然乐园芦荟胶300ml+爱茉莉牙膏120ml+可莱丝面膜1片+猪鼻贴1组+睫毛夹）,789
10000000452,Loreal欧莱雅雪颜美白舒缓晚霜50ml,98740001
10000000453,Loreal欧莱雅雪颜美白滋润日霜SPF17   50ml,98740001
10000000456,Borghese贝佳斯绿泥212g,98740001
10001000013,Herbacin 贺本清小甘菊护手霜 (小铁盒) 20ml,3950001
10001000014,Clinique 倩碧特效润肤露（黄油）125ml,333
10001000015,日本Kose 高丝药用雪肌精化妝水 360ml,343
10001000016,Davidoff 大卫杜夫冷水女士淡香水 EDT 50ml,96940001
10001000017,Kenzo 凯卓一枝花女香EDT 30ml,96940001
10001000019,The Body Shop 美体小铺維他命E眼霜 15ml,335
10001000020,The Body Shop 美体小铺茶树精油急救棒2.5ml,792
10001000087,3CE 修容粉饼双色修容饼 PINK 11g,781
10002000043,Estee Lauder 雅诗兰黛肌透修护眼部密集精华露,335
10003000018,乡阔佬70g鹌鹑蛋乡巴佬味9个壳*5,202
10003000019,巷仔边  台湾脆虾  即食零食冻干烤虾 9G*3（原味、椒盐、香辣）,202
10003000022,美国EOS伊欧诗石榴覆盆子润唇球7g,783
10003000043,【花果山】越南红心火龙果5斤 新鲜红肉火龙果进口水果 坏损包赔,93
10003000071,【花果山】佳沛新西兰经典绿奇异果12个36# 新鲜水果 猕猴桃,93
10003000123,【热销推荐】日本进口Calbee/卡乐比营养早餐 水果果仁 谷物800g冲饮麦片,100780019
10003000127,【热销推荐】日本进口  calbee 薯条土豆三兄弟 90g   酱油味,134
10003000140,【热销推荐】日本原装进口  Bourbon布尔本 百邦（奶油/黄油）什锦奶油曲奇饼干/320g（两种口味随机发货）,127
10003000220,杰士邦敢爱特惠装敢做敢爱超薄避孕套2盒装20只 加送杰士邦2片体验装（赠品）,372
10003000314,【自营包邮】澳洲 Swisse护肝片 120粒,97890001
10003000315,【自营包邮】澳洲 Swisse蔓越莓 30粒,95920005
10003000316,【自营包邮】澳洲 Swisse胶原蛋白液 500ml,95920009
10003000317,【自营包邮】澳洲 Swisse5000mg 芹菜籽 50粒,98810001
10003000318,【自营包邮】澳洲 Swisse1000mg无腥味野生鱼油 400粒,98810001
10003000319,【自营包邮】澳洲 Swisse1000mg 叶绿素片 200粒,95920009
10003000320,【自营包邮】澳洲 Swisse1000mg 有机螺旋藻片 200粒,95920006
10003000321,【自营包邮】澳洲 Swisse胶原蛋白片 100颗,95920009
10003000322,【自营包邮】澳洲 Swisse前列康片 50粒,95920006
10003000323,【自营包邮】澳洲 Swisse钙+VD 150粒,95920007
10003000324,【自营包邮】澳洲 Swisse睡眠片 100粒,95920010
10003000325,【自营包邮】澳洲 Fatblaster 椰子水减肥饮料 750ml,95920004
10003000326,【自营包邮】澳洲进口德运Devondale高钙全脂中老年学生成人奶粉1kg,113
10003000327,【自营包邮】澳洲 Blackmores 3000mg 芹菜籽 50粒,98810001
10003000328,【自营包邮】澳洲 Blackmores 血糖平衡片 90粒,98810001
10003000329,【自营包邮】澳洲 Blackmores月见草胶囊 190粒,95920006
10003000330,【自营包邮】澳洲 Blackmores欧米伽3高纯深海鱼油胶囊（无腥味） 400颗,98810001
10003000331,【自营包邮】澳洲 Blackmores辅酶Q10/心脏宝75mg 30粒,95920006
10003000332,【自营包邮】澳洲 Healthy Care葡萄籽胶囊 300粒,95920009
10003000333,【自营包邮】澳洲进口德运Devondale高钙脱脂中老年学生成人奶粉1kg,113
10073000077,【自营包邮】新西兰 Wyeth惠氏金装S26系列婴儿奶粉3段 900克,380
10073000118,美的Midea 电压力锅12PCH402A 机械式电压力锅高压锅 4L,581
10073000119,旅之星（Travel star） i801 12000mA  移动电源,92930131
10073000185,台湾DMC欣兰竹炭深层清洁黑里透白冻膜 （新款）500g,330
10073000186,Elizabeth Arden伊丽莎白雅顿绿茶女士香水30ml,96940001
10073000187,Elizabeth Arden伊丽莎白雅顿女士香水第五大道 EDP 30ml,96940001
10073000188,Estee Lauder雅诗兰黛/ANR 全新DNA即时修护特润精华露 7ml,792
10073000190,Lancome兰蔻 小黑瓶 精华肌底液7ml,333
10073000191,韩国Phyto Tree 黄瓜膠 250ml,333
10073000193,澳大利亚Merino Lanolin Beauty美利奴 绵羊油 补水 100g,333
10073000194,澳大利亚Merino Lanolin Beauty 美利奴绵羊油 抗衰 100g,333
10073000197,澳大利亚Merino Lanolin Beauty美利奴 绵羊油 保湿 100g,333
10073000199,Biotherm碧欧泉活泉润透水份露 最新版(绿活泉) 50ml,333
10073000200,Chanel香奈儿 邂逅粉红甜蜜女士香水50ml,96940001
10073000203,Chanel香奈儿炫亮魅力唇膏丝绒系列口红  138# 3.5g,783
10073000205,Calvin Klein卡文克莱卡莱优淡香水 经典旧款 100ml,98740004
10073000206,DHC蝶翠诗 深层橄榄卸妆油 200ml,793
10073000208,Vaseline凡士林润肤霜 100ml,98740001
10073000209,韩国ABOUT ME柠檬排毒祛黄亮白按摩膏 150ml,773
10073000210,韩国A.H.C 第三代ahc眼霜30ml,335
10073000215,Biotherm碧欧泉新矿泉爽肤水(绿)400ml,343
10074000046,飞科（FLYCO）FI9811 五档蒸汽挂烫机 1500W,591
10074000134,澳洲进口 Morning Fresh青柠味洗碗精450ml,480
10074000135,澳洲进口 Morning Fresh原味洗碗精,480
10074000137,澳洲进口 Morning Fresh柠檬味杀菌洗碗精1.25升,480
10074000156,【云猴生鲜】台湾 文旦柚4枚装礼盒（约3kg),95
10074000172,澳洲进口 Morning Fresh柠檬味洗碗精,480
10074000189,【云猴生鲜】云南 石榴1个装（约200g） 新鲜现摘,95
10074000206,清扬多效水润养护型去屑洗发露700ml,347
10074000207,清扬男士活力运动薄荷型去屑洗发露700ml,347
10074000217,【云猴生鲜】加拿大 北极甜虾200g（约26粒）  熟冻虾  新鲜海鲜,95850002
10074000218,【云猴生鲜】美国 北极虾仁200g,95850002
10074000219,【云猴生鲜】大西洋 带皮真鳕鱼切段500g,97840001
10075000002,蒙牛200g*12盒纯甄酸牛奶,220
10076000042,【保税区发货包邮】德国Salus铁元Floradix Iron红版补血补铁500ml,95920005
10076000045,【保税区发货】澳洲Blackmores澳佳宝孕妇黄金营养素含叶酸DHA 180粒,95920005
10077000009,【保税区发货包邮】 英国Bickiepegs 宝宝婴儿磨牙棒 天然有机谷物38克,752
10078000019,【云猴生鲜】新西兰 rose苹果2粒装（约400g）,93
10078000105,维达V4688 超韧四层180克维达卫卷+维达蓝色经典V2219超韧三层软抽150抽*3,490
10078000401,嗨翻天  嗨翻海带36g*5,202
10079000495,【自营包邮】 火箭Rocket 洗洁剂 (多种香型) 600ml,482
10079000496,【自营包邮】 火箭Rocket 洗洁剂 (多种香型) 600ml,482
10079000497,【自营包邮】 火箭Rocket 洗洁剂 (多种香型) 600ml,482
10080900356,Lancome兰蔻清滢柔肤水（干性）粉水 400ml,343
10080900367,Kiehl's科颜氏高保湿霜 50ml,333
10080900381,Kiehl's科颜氏牛油果眼霜 14ml,335
10080900496,Charmzone婵真银杏天然泡沫洁面霜 200g,330
10080900498,德国Algemarin爱姬玛琳经典香水沐浴露300ml,357
10080900499,英国Batiste碧缇丝免水洗发喷雾- 经典洁净（原味）200ml,347
10080900500,英国Batiste碧缇丝免水洗发喷雾- 迷人花香（樱花）200ml,347
10080900501,台湾Smiling百龄洁克洁牙粉经典款130g,365
10080900502,我的心机玻尿酸锁水保湿面膜 30ml x 10片,331
10080900503,我的心机牛奶亮白保湿面膜 30ml x 10片,331
10080900504,我的心机维生素C极净焕白面膜 30ml x 10片,331
10080900505,我的心机黑珍珠丝光润白黑面膜30gX8,331
10080900506,我的心机纳豆保湿水嫩黑面膜30gX8,331
10080900549,完美芦荟胶40g,98740001
10080900555,Clinique倩碧炫彩缤纷4色眼影 (03morning java+38blushed+23 hazy+20 jammin),848
10080900557,Estee Lauder雅诗兰黛即时修护眼部密集精华露4ml,335
10080900559,Nivea妮维雅女士晶纯皙白轻柔磨砂洁面乳100g,330
10080900568,Clinique倩碧炫彩缤纷4色眼影 (05on safari+2A lemongrass+07 buttered toast) 120g,848
10080900573,Lancome兰蔻新臻白美容液（滋润型）50ml,343
10080900576,Clinique倩碧温和液体洁面皂30ml,330
10080900577,Clinique倩碧水嫩保湿润肤霜15ml,98740001
10080900578,Clinique倩碧温和洁肤水2#60ml,343
10080900579,Clinique倩碧水漾润唇膏笔16#  1.2g,783
10080900581,Clinique倩碧眼部护理水凝霜  5ml,335
10080900582,Clinique倩碧持久唇膏 4g,783
10080900584,Fresh馥蕾诗红茶抗皱紧致修护面膜20ml,331
10080900585,Fresh馥蕾诗海莓修复身体滋润乳霜65ml,333
10080900589,Fresh馥蕾诗大豆精萃卸妆洁面凝露50ml,330
10080900591,Fresh馥蕾诗玫瑰润泽保湿面膜20ml,331
10080900592,Clarins娇韵诗花样年华纤柔美腹霜100ml,773
10080900593,Clarins娇韵诗明眸紧致精华露8ml,335
10080900607,Estee Lauder雅诗兰黛红石榴晚霜7ml,98740001
10080900612,Lancome兰蔻根源补养气色啫喱50ml,333
10080900613,Lancome兰蔻根源补养晚霜15ml,98740001
10080900614,Lancome兰蔻精华肌底眼部凝霜5ml（瓶）,335
10080900615,Lancome兰蔻美丽人生香水淡雅版4ml,96940001
10080900616,Lancome兰蔻新精华肌底液7ml,792
10080900617,Lancome兰蔻新立体塑颜紧致面霜15ml,98740001
10080900618,Lancome兰蔻新立体塑颜紧致晚霜15ml,98740001
10080900619,Lancome兰蔻新立体塑颜紧致眼霜5ml,335
10080900621,Lancome兰蔻新清莹洁面卸妆乳50ml,793
10080900625,Clinique倩碧焕妍活力精华露15ml,792
10080900626,Clinique倩碧焕妍活力提升紧致霜（混合偏干性/混合偏油性肌肤适用）15ml,98740001
10080900638,Clinique倩碧炫目眼线笔101 0.8g,99770013
10081000067,San-X港版 轻松小熊 宝宝益智玩具 轻松小熊 钓鱼游戏 早教玩具,733
10081000068,San-X港版 轻松小熊含 小医生护理套装 亲子过家家互动益智玩具,733
10081000195,澳大利亚Blackmores澳佳宝维E面霜50g,98740001
10081000228,【现货】美版苹果（Apple）iPhone 6 (A1586)  移动联通电信4G手机 16G 64G可选 金色银色灰色可选,92930116
10081000230,【现货】美版苹果（Apple）iPhone 6 (A1586)  移动联通电信4G手机 16G 64G可选 金色银色灰色可选,92930116
10081000277,美国Forever New 芳新金装洁净粉（洗衣粉）  114g,789
10081000278,韩国DiaForce贵妇钻石眼膜贴 （黄金）60片,335
10081000279,韩国Sinil Pharm疲劳贴  10片,771
10082000040,San-X港版Rilakkuma轻松小熊 儿童益智玩具 排庄路轨车组 路轨火车套装,733
10082000217,日本Cosme大赏LuLuLun保湿补水美白面膜 白色 7片,331
10082000218,日本Cosme大赏LuLuLun补水滋润高保湿面膜 粉色 7片,331
10082000388,【自营包邮】泰国萨拜迪Sabaidee 卡通枕 泰国天然乳胶枕 儿童枕 可折叠玩具枕,516
10082000395,Iope亦博气垫bb粉底霜 N21 4g,99770005
10082000396,Sulwhasoo雪花秀改善两件套 4ml+5ml,98740001
10082000399,LG贵爱娘卫生巾  中药滋养 缓解痛经 18片25cm装 日用,100840002
10082000400,LG贵爱娘卫生巾 中药滋养 缓解痛经 18片29cm装 日用,100840002
10083000021,苹果（Apple ）iPhone 6 16G MG492CH/A 全网通（移动/联通/电信）4G手机（金色）,92930116
10083000277,苹果（Apple ）iPhone 6 16G  MG482CH/A  全网通（移动/联通/电信）4G手机（银色）,92930116
10083000325,A.H.C 第三代眼霜 30ml,335
10083000326,SNP燕窝面膜 10片,331
10083000327,SNP钻石美白面膜 10片,331
10083000328,Leaders丽得姿 领先润美焕彩亮白修复面膜  10片,331
10083000343,Leaders丽得姿 领先润美袪痘净肤修护面膜  10片,331
10083000350,It's Skin伊思 洗面奶150ml,330
10083000351,It's Skin  伊思白BB霜 50ml,99770005
10083000352,Leaders丽得姿针剂水库补水面膜贴蚕丝面膜10片,331
10083000353,Leaders丽得姿 美蒂优 三代氨基酸深层补水面膜 10片,331
10083000513,【自营包邮】泰国萨拜迪Sabaidee 泰国天然乳胶枕 U型枕,516
10084000098,【热销推荐】美国进口Starbucks星巴克即溶300g（原味）,141
10084000099,【热销推荐】美国进口Starbucks星巴克即溶300g（焦糖）,141
10084000100,美国进口Starbucks星巴克即溶300g（拿铁）,141
10086000108,【云猴生鲜】湾仔码头 菌菇三鲜馅水饺（36只装）720g,100810005
10086000111,【云猴生鲜】湾仔码头 韭菜猪肉馅水饺（36只装）720g,100810005
10086000273,全球购测试商品请勿下单不予发货。。。,3
10087000107,【云猴生鲜】凯雪 笋子肉包480g,100810003
10087000108,【云猴生鲜】喜世 桶装手抓饼椒盐味2750g,100810003
10087000113,Mistine美氏婷小银管眼线笔20g,99770013
10087000115,Adidas阿迪达斯男士泡沫洁面控油乳-深层洁净100ml,330
10087000145,【保税区发货】荷兰牛栏Nutrilon 婴幼儿奶粉1段 0-6个月 原装正品 850g*2罐,377
10087000155,【云猴生鲜】卡士 活菌酸奶200ml,100860005
10087000156,【云猴生鲜】卡士 活菌酸奶720ml,100860005
10087000157,【云猴生鲜】卡士 鲜酪乳（原味三连杯）100g*3,100860005
10087000158,【云猴生鲜】卡士 鲜酪乳（黄桃三联杯）100g*3,100860005
10087000159,【云猴生鲜】卡士 鲜酪乳（草莓三连杯）100g*3,100860005
10087000160,【云猴生鲜】卡士 3.3原味鲜酪乳100g*3,100860005
10087000161,【云猴生鲜】卡士 3.3红枣鲜酪乳100g*3,100860005
10087000162,【云猴生鲜】卡士 调味酸牛乳（原味三连杯）120g*3,100860005
10087000163,【云猴生鲜】卡士 原态酪乳专属限量版（三连杯）125g*3,100860005
10087000164,【云猴生鲜】卡士 调味酸牛乳（草莓三连杯）120g*3,100860005
10087000170,【热销推荐】美国进口Starbucks星巴克即溶300g（卡布奇诺）,141
10087000261,[包邮] 新西兰康维他百花蜂蜜500g,100780007
10087000314,【自营包邮】花王 CuCuTe除菌配方果蔬洗洁精 200ml,482
10087000315,【自营包邮】花王 CuCuTe除菌配方果蔬洗洁精 200ml,482
10087000316,【自营包邮】花王 CuCuTe除菌配方果蔬洗洁精 200ml,482
10087000317,【自营包邮】花王 CuCuTe除菌配方果蔬洗洁精 200ml,482
10087000319,The Face Shop菲诗小铺草本樱桃泡沫洁面膏 170g,330
10087000327,港版Doraemon哆啦A梦 儿童益智玩具游戏 工具组合玩具8件套装,733
10087000330,港版Doraemon哆啦A梦 儿童益智玩具游戏 头型篮球架连胶波玩具游戏,733
10088000167,【云猴生鲜】凯雪 烧麦1000g,100810003
10088000190,Olay玉兰油深润营养滋润霜50g,98740001
10088000194,【云猴生鲜】有机红蜜柚2个礼盒装（约2.3kg）,96
10088000350,The Face Shop菲诗小铺甜蜜爱恋香水沐浴露900ml,772
10088000351,The Face Shop菲诗小铺甜蜜爱恋香水沐浴露500ml,357
10088000352,韩国The Face Shop菲诗小铺浪漫邂逅香水沐浴露900ml,772
10088000354,The Face Shop菲诗小铺梦中邂逅香水洗发护发套组(200ml+200ml),353
10088000355,The Face Shop菲诗小铺初恋甜心香水洗发护发套组（400ml+200ml),353
10088000356,韩国LG睿嫣山茶洗护套组(200ml+200ml),353
10088000357,韩国LG竹盐黄土香皂110g,359
10088000358,LG竹盐精品香皂110g,359
10088000359,韩国LG精品全优护原味牙膏120g,365
10088000360,LG原生白健康美白牙膏105g,365
10088000392,Avon雅芳小黑裙香体乳150ml,773
10088000393,Avon雅芳小黑裙香水沐浴露150ml,772
10088000394,Avon雅芳小黑裙走珠香水9ml,98740006
10088000395,Coach寇驰爱我女士身体乳150ml,773
10088000401,Guerlain娇兰小黑裙浓香精5ml,96940001
10088000402,Versace范思哲 粉红水晶5ml,96940001
10088000403,Ferragamo菲拉格慕 蝶忆绽放5ml,96940001
10088000405,Ferragamo菲拉格慕 菲我莫属黑版男士淡香水5ml,98740003
10088000414,The Face Shop 菲诗小铺黑杆防水睫毛膏1-纤长型7g,99770012
10088000415,The Face Shop 菲诗小铺黑杆防水睫毛膏2-浓密型7g,99770012
10089000142,【云猴生鲜】新疆 西域香妃特一级香梨(约22个）3kg,95
10089000167,【云猴生鲜】加拿大 北极甜虾500g    熟冻虾 新鲜海鲜,95850002
10089000168,【云猴生鲜】荷兰 花斑蝶一条（约300-400g）  去内脏,97840001
10089000216,【赠品】十月初五一口粒粒杏仁饼 ，直接拍不发货！,173
10089000233,Cetaphil丝塔芙保湿润肤乳118ml,333
10089000234,Vichy薇姿温泉矿物水活霜（清爽型）50ml,333
10089000236,法国Cetaphil丝塔芙洁面乳118ml,330
10089000237,法国Cetaphil丝塔芙洁面乳473ml,330
10089000242,日本Freeplus芙丽芳丝净润洗面霜100g,330
10089000255,【现货包邮】韩国进口韩美禾低盐橄榄油即食海苔补钙锌DHA宝宝婴儿儿童零食5克3包*3组,753
10089000308,【现货包邮】韩国进口食品零食韩美禾橄榄油DHA即食低盐海苔 2g*10小包,753
10089000357,【自营包邮】日本原装 妮飘Nepia 盒装面纸150抽*5盒,100840003
10089000358,【自营包邮】日本原装 妮飘Nepia  盒装面纸160抽*5盒,100840003
10090000015,【现货包邮】韩国进口乐熙低盐葡萄籽油海苔含DHA进口零食2g*10,753
10090000020,【双11全店满99元赠品】beely乳木果护手霜40g,3950001
10090000092,【新品推荐】美国Now Foods补锌片/50mg 100粒/瓶,95920005
10090000099,【新品推荐】美国Now Foods关节宝，维骨力 90粒,95920007
10090000108,【新品推荐】美国Now Foods玛卡胶囊 100粒,95920015
10090000109,【新品推荐】美国Now Foods高睾酮素雄性激素 90粒,100780006
10090000135,【香港直邮包邮】美国童年时光CHILDLIFE婴儿钙镁锌乳钙婴幼儿童补钙片宝宝钙液体,406
10092000006,【现货包邮】韩国进口Thomas托马斯DHA鳕鱼肠芝士鱼肠零食品补钙补脑,753
10092000008,[包邮] 日本进口Calbee/卡乐比营养早餐 水果果仁 谷物800g冲饮麦片,100780019
10092000027,【现货包邮】韩国进口青佑碳烤迷你芝士饼干芝士棒手指饼干零食品60g,752
10092000028,【现货包邮】韩国进口零食 韩美禾啵乐乐饼干牛奶饼干80g,753
10093000192,日本ISDG新版爽快酵素232种果蔬通便养颜瘦身120粒60日分,146
10093000224,【云猴生鲜】雪天 澳洲天然海盐320g袋  食用盐 调料 调味品 食盐,281
10094000007,【现货包邮】意大利进口佳乐定galatine高钙牛奶糖 奶片 钙片100g,406
10094000038,日本医食同源新品 Night Diet酵素232种果蔬酵素水果养颜通便120粒,95920004
10094000085,【现货包邮】韩国CROWN可拉奥小动物猪猪饼干70g进口零食,752
10094000109,【现货包邮】韩国进口海太ACE咸味苏打饼干低糖低卡364克进口休闲食品零食,753
10094000112,【现货包邮】英国小树苗婴儿童湿巾宝宝手口专用湿纸巾敏感娇嫩肌肤25片*4包,340
10094000113,【现货包邮】韩国进口 乐天lotte黑芝麻粗粮饼干低脂磨牙饼干88g 宝宝婴儿零食,753
10094000114,【现货包邮】英国小树苗little tree宝宝婴儿童牙膏无氟可吞咽可食用草莓味25g,340
10094000115,【现货包邮】韩国进口韩美禾全麦原味饼干零食品休闲点心55g,753
10094000119,【现货包邮】英国little tree小树苗月见草婴儿童宝宝可食用护唇膏润唇膏4.2g,336
10094000152,【香港发货包邮】美国进口Burt's Bees小蜜蜂润唇膏婴儿童宝宝护唇膏石榴/蜂蜜蜂蜡,336
10094000292,The Face Shop菲诗小铺草本水蜜桃泡沫洁面膏170g,330
10094000294,韩国The Face Shop菲诗小铺草本芦荟泡沫洁面膏170g,330
10094000295,Revlon露华浓睫毛夹,860
10094000296,Olay玉兰油乳液透亮洁面乳100g,330
10094000331,Olay玉兰油多效修护眼霜15g,335
10094000337,Olay玉兰油水润滋养滋润霜30g,98740001
10094000339,Olay玉兰油新生塑颜金纯面霜50g,98740001
10094000341,Olay玉兰油白里透红霜50g,98740001
10094000342,Olay玉兰油矿物控油深层洗颜泥100g,330
10094000343,Olay玉兰油磨砂祛痘深层洁面乳100g,330
10094000344,Olay玉兰油细滑活肤洁面乳100g,330
10094000348,Olay玉兰油美白润肤霜30g,98740001
10095000297,苹果（Apple） iPhone 6s 64G 国行版 全网通(移动/联通/电信) 4G手机（金色）,92930116
10095000370,德国进口 LAMY凌美Safari狩猎系列钢笔  F笔尖,100950001
10095000371,德国进口 LAMY凌美Safari狩猎系列钢笔  F笔尖,100950001
10095000372,德国进口 LAMY凌美Safari狩猎系列钢笔  F笔尖,100950001
10095000373,德国进口 LAMY凌美Safari狩猎系列钢笔  F笔尖,100950001
10095000374,德国进口 LAMY凌美Safari狩猎系列钢笔  F笔尖,100950001
10095000375,德国进口 LAMY凌美Safari狩猎系列钢笔  F笔尖,100950001
10095000376,德国进口 LAMY凌美Safari狩猎系列钢笔  F笔尖,100950001
10095000377,德国进口 LAMY凌美Safari狩猎系列钢笔  F笔尖,100950001
10095000382,德国进口 LAMY凌美 高端Al-Star恒星系列钢笔F笔尖,100950001
10095000383,德国进口 LAMY凌美 高端Al-Star恒星系列钢笔F笔尖,100950001
10095000384,德国进口 LAMY凌美 高端Al-Star恒星系列钢笔F笔尖,100950001
10095000386,德国进口 LAMY凌美 高端Al-Star恒星系列钢笔F笔尖,100950001
10095000477,【热销推荐】新西兰Red Seal  红印黑糖 Blackstrap Molasses500g/瓶,95920005
10095000478,【自营包邮】新西兰 Nutra Life 纽乐蔓越莓精华 50粒,101800001
10095000479,【自营包邮】新西兰 Nutra Life 纽乐葡萄籽精华胶囊  120粒/瓶,95920017
10095000480,【自营包邮】新西兰 Nutra Life纽乐关节灵氨糖软骨素胶囊 200粒,95920007
10095000481,【自营包邮】新西兰 Good Health 好健康血橙胶原蛋白口服液 500ml,95920016
10095000482,【自营包邮】新西兰 Good Health 好健康液体钙 150粒,95920013
10095000483,【自营包邮】新西兰 Good Health 好健康鱼油1000毫克 400粒,95920018
10095000484,【自营包邮】新西兰 Good Health 好健康羊胎素 60粒,95920005
10095000485,【自营包邮】新西兰 Nutra Life 纽乐金装超级钙片 120片,95920013
10095000491,伊利  谷粒多燕麦牛奶200ml*12   进口澳洲颗粒,226
10095000507,Vaseline凡士林 润肤乳 冬季必备护手足防干裂 补水保湿 燕麦维他命润肤乳295ml,773
10095000508,Vaseline凡士林100%纯凡士林特效润肤霜106g,773
10095000509,Vaseline凡士林100%纯凡士林特效润肤霜368g,773
10095000546,巧虎SUNSTAR巧虎 单只装 儿童牙膏,469
10095000547,巧虎SUNSTAR巧虎 单只装 儿童牙膏,469
10095000571,【保税区发货】日本原装进口尿不湿尤妮佳（Moony）纸尿裤　增量装M80片,631
10095000574,【保税区发货】日本原装进口尿不湿尤妮佳（Moony）纸尿裤　增量装L68片,632
10096000360,【热销推荐】日本-必备手信-原装进口 Calbee/卡乐比/卡乐B 北海道 薯条三兄弟18g*10袋,100780014
10096000364,【热销推荐】日本进口- 悠哈味觉糖紫葡萄味软糖40g/袋,128
10096000365,【热销推荐】日本进口-悠哈UHA味觉糖青葡萄果汁包裹软糖40g,128
10096000369,Organix欧古丝 樱花人参赋活滋养洗发水385ml,347
10096000370,Organix欧古丝 樱花人参赋活滋养护发素385ml,349
10096000371,Vaseline凡士林100%纯凡士林婴儿润肤霜368g,773
10096000372,Giovanni乔梵尼茶树精华护发素250ml,349
10096000373,Giovanni乔梵尼茶树精华洗发水250ml,347
10096000374,Giovanni乔梵尼双重雅致水柔顺滑洗发露（含巴西角蛋白和摩洛哥油精华）250ml,347
10096000376,Mane ' n Tail箭牌深层保湿洗发水 355ml,347
10096000378,Mane ' n Tail箭牌经典控油洗发水 355ml,347
10096000380,Mane ' n Tail美国箭牌草本滋润洗发水 355ml,347
10096000384,Herbacin 贺本清小甘菊修护唇膏 4.8g,783
10096000385,【现货包邮】德国goki木制迷你绕珠 宝宝串珠穿珠子游戏 儿童益智早教启蒙玩具,732
10096000399,日本Kose高丝babyish抗敏感宝宝婴儿肌面膜（白色）7片,331
10096000405,【新品推荐】Swisse1500mg维骨力关节灵 180粒,95920013
10096000407,澳洲 TimTam雅乐思黑巧克力夹心饼干 200g,126
10096000408,【自营包邮】澳洲weet-bix  即食免煮燕麦片 野莓味 500g,100780019
10096000409,【自营包邮】澳洲weet-bix 即食燕麦片 低值无糖  1.4kg/袋,100780019
10096000410,澳洲Lowan阳光燕麦片1000g/袋,100780019
10096000411,【自营包邮】澳洲Uncle Tobys Plus亚麻籽杏仁营养早餐麦片430gUNCLE TOBYS PLUS OMEGA 3 430g,100780019
10096000414,澳洲Pods Mars 夹心脆脆粒小酥巧克力PODS MARS 176g,127
10096000415,澳洲Pods Twix 夹心脆脆粒小酥巧克力 PODS TWIX 176g,127
10096000416,澳洲Pods Snickers 夹心脆脆粒小酥巧克力 PODS SNICKERS 176g,127
10096000417,【自营包邮】澳洲UNCLE TOBYS PLUS MUESLI FLKES 什锦谷物麦片杏子椰果 410g,100780019
10096000419,【新品推荐】澳洲Blackmores澳佳宝男士活力综合营养素 60片/瓶,100780011
10096000422,【新品推荐】澳洲Swisse叶绿素液梅子味 500ml/瓶,95920009
10096000423,【新品推荐】澳洲Swisse月见草油软胶囊 200粒/瓶,95920008
10096000424,【新品推荐】澳洲Swisse葡萄籽精华 180粒/瓶,95920017
10096000425,【新品推荐】澳洲Swisse补铁补血口服液 200ml/瓶,95920005
10096000426,【新品推荐】澳洲Swisse卵磷脂1200mg 150粒/瓶,99900002
10096000427,【新品推荐】澳洲Swisse有机叶绿素片 100粒/瓶,95920004
10096000428,【新品推荐】费列罗Nutella能多益榛子酱400g/瓶,100780014
10096000430,【新品推荐】澳洲Maxigenes美可卓全脂高钙中老年学生孕妇营养奶粉1kg,100780016
10096000431,【自营包邮】新西兰高端奶粉A2成人全脂奶粉高钙含β-酪蛋白1kg,113
10096000432,澳洲 TimTam雅乐思巧克力夹心饼干 200g,126
10096000448,日本REVEUR无硅 洗发水头发护理型粉色,347
10097000138,【爆款推荐】美国Jack Link's杰克林牛肉干  166g/袋,100780014
10100000033,【热销推荐】日本青柑橘果汁龙角散润喉糖 止咳化痰 88g,129
10100000034,【热销推荐】日本薄荷龙角散润喉糖 止咳化痰 88g,129
10100000220,【云猴生鲜】新疆 库尔勒特级香梨3kg,95
10100000226,【云猴生鲜】獐子岛 蒜蓉粉丝扇贝200g/袋6个装  国产海鲜半成品粉丝贝,100860001
10100000238,【云猴生鲜】獐子岛 冰岛多春鱼160g 约8-10条/盒,97840001
10100000259,【云猴生鲜】澳大利亚 进口脐橙1枚装,93
10101000001,测试商品（请勿购买，不予发货）2,228
10101000160,巧虎SUNSTAR 儿童牙刷（单只装/颜色随机发）,469
10101000161,巧虎SUNSTAR 儿童牙刷（单只装/颜色随机发）,469
10101000211,[比利时和情]淡雅清香 焦糖饼干(250g),126
10101000324,[奥地利莱家]香酥脆爽粒粒装 威化饼(香草味/125g*2),126
10101000338,【现货包邮】英国 小树苗Little Tree2-4岁婴儿童小头训练牙刷宝宝乳牙刷软毛,469
10102000082,[美国宝氏]即食脆麦片 蓝莓早餐麦片(382g),100780019
10102000124,苹果（Apple） iPhone 6s 16G 国行版 全网通(移动/联通/电信) 4G手机（金色）,92930116
10102000408,元气橙体验装——采用糖酸度技术精选的永兴冰糖橙，果径55-60mm  ，11月15号统一采摘，22号排单陆续发货(包邮）,96
10180000046,德国博朗 欧乐B儿童电动牙刷 电池版 汽车总动员,625
10180000049,德国博朗 欧乐B  D12 悦享型 电动牙刷 成人充电型,625
10180000163,日本COSME第一优月美人艾草暖宫贴 6片增量装,100840003
10180000167,韩国Tonymoly托尼魅力水蜜桃美白滋养护手霜 30ml,3950001
10181000011,德国莎露斯salus Floradix铁元红版孕妇补铁补血果蔬营养液浓缩口服液500ml,95920005
10181000275,湘大王 麻辣味小叼鱼50g,202
10181000277,湘大王 香辣味臭豆腐25g,202
10181000284,卡奇  豆香锅巴香辣味300g/包,204
10181000286,【云猴生鲜】墨西哥 牛油果4枚(单果约230g）,93
10181000318,美的(Midea)NTY18-15E取暖器 暖风机,587
10181000360,狮王CLINICA珍珠美白牙膏130g橘香薄荷,365
10182000192,威猛先生厨房重油污净双包装500g+500g,482
10182000193,威猛先生厨房重油污净补充装柠檬香420g,482
10182000227,Kiehl's科颜氏金盏花爽肤水 40ml,343
10182000228,Kiehl's科颜氏集焕白净透爽肤水 40ml,343
10182000229,Kiehl's科颜氏集焕白均衡亮肤淡斑精华液 4ml,792
10182000230,Kiehl's科颜氏高保湿霜 7ml,98740001
10182000231,Kiehl's科颜氏多重紧致修颜面霜 7ml,98740001
10182000232,Dior迪奥小姐花漾淡香氛 5ml,96940001
10182000233,Dior迪奥粉红魅惑香水5ml,96940001
10182000234,Dior迪奥真我淡香水5ml,96940001
10182000235,Olay玉兰油多效修护优惠装 多效修护霜50g+细滑活肤洁面乳100g,330
10182000243,Adidas阿迪达斯男士2合1沐浴露-天賦 400ml,357
10182000244,Adidas阿迪达斯男士3合1沐浴露-人參啟動-綠色 250ml,357
10182000245,The Body Shop美体小铺生姜洗发水400ml,347
10182000269,Adidas阿迪达斯男士3合1沐浴露-运动后舒缓-深蓝 250ml,357
10182000338,Lion狮王酵素去垢美白成人牙膏香橙味130g,365
10182000339,Lion狮王酵素去垢美白成人牙膏香型薄荷味130g,365
10184000082,【现货包邮】韩国进口海太磨牙芝麻棒荞麦棒全麦棒60克宝宝手指饼干婴儿零食品,753
10185000048,【云猴生鲜】挪威 冰冻三文鱼头200-250g/半只 已去腮大鱼头 进口海鲜,98800006
10186000011,【现货包邮】台湾进口老中医黑糖产妇月子必备经期调理痛经补血养颜红糖300g,128
10186000014,【香港直邮包邮】加拿大Ddrops  维生素D3 90滴  (婴儿),404
10186000026,Estee lauder雅诗兰黛鲜亮焕彩精粹水(滋润型)15ml,343
10186000027,Estee lauder雅诗兰黛肌透修护眼部精华霜5ml,792
10186000037,【现货包邮】宝宝儿童孕妇果干零食美国Nestor乐事多葡萄干加州无籽葡萄干100g,753
10186000052,Biotherm碧欧泉活泉润透洁面乳50ml,330
10186000060,【现货包邮】美国进口乐事多Nestor西梅干水果干纤体梅宝宝孕妇零食品烘焙原料,753
10186000061,【现货包邮】美国进口乐事多Nester蔓越莓干小红莓干儿童宝宝孕妇健康零食100g,753
10186000063,【现货包邮】美国进口果干孕妇儿童零食Nestor乐事多蓝莓干100g抗氧,753
10186000085,威猛先生洁菌适除菌洁厕液（淡雅花香）600g*2,846
10187000058,【云猴生鲜】新疆 西州蜜瓜2个装约8斤,95
10187000129,日本原装进口 保税区发货 大王GOO.N 维E系列男用纸尿裤XL50,633
10187000147,爱丽丝Iris 袋鼠暖宝宝 粘贴式 常规尺寸版 30片装,100840003
10187000165,【云猴生鲜】山东 特级冬枣约2斤装,95
10188000014,象印保温保冷杯SM-SA36  360ml,546
10188000016,象印保温保冷杯SM-SA36  360ml,546
10188000025,iRobot艾罗伯特 Braava 380t Floor Mopping Robot拖地机,96990018
10188000030,象印保温保冷杯SM-SA48  480ml,546
10188000031,象印保温保冷杯SM-SA48  480ml,546
10188000067,美康粉黛美人润唇膏3.8g滋润补水保湿淡化唇纹无色护唇膏唇部护理,783
10191000066,象印保温保冷杯SM-KB36  360ml,546
10191000070,象印保温保冷杯SK-KB48  480ml,546
10191000071,象印保温保冷杯SK-KB48  480ml,546
10191000199,Lancome兰蔻速洁眼部卸妆水30ml,330
10191000202,Lancome兰蔻梦魅巨星璀璨睫毛膏2ml,99770012
10191000205,Lancome兰蔻根源补养面霜15ml,98740001
10191000209,Lancome兰蔻根源补养美容液50ml,343
10191000216,Lancome兰蔻美肤修护美容液50ml,343
10191000226,Clarins娇韵诗温和洁颜乳50ml,330
10191000269,【云猴生鲜】澳洲进口 安格斯 西冷牛排200g  新鲜牛肉 原味无腌制,96940011
10191000274,【云猴生鲜】澳洲进口 安格斯 牛肉粒250g  新鲜牛肉 原味无腌制,96940011
10191000281,Biotherm碧欧泉男士焕能润泽3件套（碧欧泉男士焕能润泽保湿露20ml+碧欧泉男士焕能润泽洁面啫喱20ml+碧欧泉男士焕能润泽爽肤水30m,340
10191000284,Biotherm碧欧泉新活泉润透爽肤水100ml,773
10191000288,四川蒲江黄心猕猴桃黄肉奇异果 高维C黄金果 5斤装,96
10192000002,【现货包邮】美国进口宝宝儿童孕妇果干零食品Nestor乐事多车厘子干樱桃干100g,135
10192000041,Biotherm碧欧泉活泉润透5件套（碧欧泉活泉润透爽肤水30ml+碧欧泉活泉润透水份露15ml+碧欧泉活泉润透洁面乳20m+碧欧泉活泉夜间精华露15ml+碧欧泉润透精华露5ml）,340
10192000055,旺旺  雪饼258g*2,173
10192000056,湘大王   豆干500G*2,202
10192000057,一品玉    四星红枣450G*2,199
10192000065,德芙12g*10脆香米分享装巧克力*2,183
10192000071,奥妙2KG*2洗衣液+4KG粉+10块皂,473
10192000093,清风原木纯品3层270段10卷+清风10包粉红嘟嘟两层手帕纸+清风厨房纸巾70张+5*2卷,490
10192000114,银鹭  桂圆莲子八宝粥360g*6/罐,213
10192000136,小老板 泰国进口辣香味紫菜 36g*3,134
10192000148,安尔乐蓝芯日夜组合超值装30片,321
10192000149,云南白药牙膏超值组合415g 5支装（210g薄荷+100g留兰香+45g益优清新+30g冬青2支）,365
10192000175,Vichy薇姿温泉矿物水活霜(清爽型）15ml,98740001
10192000178,王小余 红烧肉 300g  免烧家常菜 湖南特产,101920001
10192000185,王小余 梅菜扣肉 360g  新鲜五花肉 农家梅菜 加热即食,101920001
10192000198,A.H.C B5舒缓镇定透明质酸玻尿酸面膜贴30g*5,331
10192000199,韩国DR.MJ气垫BB霜10g,98740001
10192000200,韩国DR.MJ小红帽清爽毛孔抗痘粉10g,98740001
10192000201,韩国DR.MJ蜗牛修复温和泡泡洗面奶180ml,330
10193000043,黑人超值组合 黑人超白牙膏140g+黑人炭丝深洁牙刷2支装,97010006
10193000053,王小余 酱烧猪蹄 300g 免烧家常菜 真空熟食 湖南特产,101920001
10193000079,【云猴生鲜】四川 金艳金奇异果30-33个装约3kg(单果约100g-110g)原装箱,95
10193000081,【云猴生鲜】泰国 进口龙眼1kg装,93
10193000169,Kose高丝softymo眼唇卸妆液（蓝瓶）230ml,793
10193000170,L'occitane欧舒丹明星护手霜6只装(乳木果30ml+马鞭草30ml＋薰衣草30ml)*2,3950001
10193000171,美国Sally Hansen 漂胡剂 脸部细毛汗毛唇毛漂白剂 34g+8.5g,788
10193000172,西班牙Byphasse 蓓昂斯四效合一卸妆水 500ml,793
10193000175,DHC蝶翠诗睫毛修护液(增长液）6.5ml,335
10193000178,Kanebo嘉娜宝药用酵素洗颜粉 32粒,330
10193000179,日本Rohto乐敦肌研CC药用渗透维他命C精华液 20ml,792
10193000180,YANAGIYA Hair tonic柳屋发根营养液 240ml,349
10193000181,Mandom曼丹弹性胶原蛋白面膜（橙色） 5片,331
10193000182,日本COSME大赏 太阳社玻尿酸保湿原液 10ml,343
10193000183,美国Crabtree Evelyn 瑰柏翠薰衣草护手霜 100ml,3950001
10193000184,美国Crabtree Evelyn 瑰柏翠玫瑰护手霜 100ml,3950001
10193000185,The Face Shop菲诗小铺大米调理保湿水 150ml,343
10193000186,韩国Lasya let's slim 瘦腿袜,856
10193000187,韩国Papa Recipe春雨蜂蜜保湿营养面膜 10片,331
10193000188,韩国Showmee秀美 let's diet魔力皮裤,789
10194000181,OLAY深润滋养1L配莹亮滋养300ML,357
10194000214,【保税区发货】澳洲德运Devondale 高钙成人脱脂奶粉 1kg,375
10194000218,彩色家用耐热水杯子 玻璃透明创玻璃茶杯啤酒果汁杯雨点波纹套装6只,549
10194000233,【云猴生鲜】保温袋（一）非卖品,100860005
10194000236,【云猴生鲜】保温袋（二）非卖品,100810005
10194000241,滴露洗手液200ml,800
10194000242,滴露沐浴露150g,800
10194000354,【11.11超值福袋A】生鲜精选礼包(品牌大米500g+品牌挂面1000g),286
10194000382,日本KOSE高丝虾青素抗氧化保湿面膜 5枚,331
10194000383,日本KOSE高丝六合一防干燥保湿面膜 50枚,331
10194000384,日本Shiseido资生堂洗颜专科柔澈净颜泡沫150ml,330
10194000385,日本Shiseido资生堂洗颜专科柔澈泡沫洗面奶卸妆乳液 150ml,793
10194000386,日本Shiseido资生堂fino发膜230g,349
10194000387,资生堂隔离霜妆前FWB 35g,99770005
10194000388,日本花王Biore碧柔蜜妮深层清洁卸妆乳/洗面奶 2合一 200ml,793
10194000389,KOSE高丝Q10美白保湿护手霜80g,3950001
10194000390,KOSE高丝Q10美白保湿护手霜清爽型 80g,3950001
10194000392,妮维雅护肤霜铁盒 大 169g,98740001
10194000393,妮维雅护肤霜铁盒 小 56g,98740001
10194000394,妮维雅护肤霜护手霜 50g,98740001
10194000395,妮维雅浓厚保湿沐浴露 欧洲白香皂味480ml,357
10194000398,日本Shiseido资生堂可悠然美肌沐浴露(欣怡幽香)550ml,357
10194000399,日本Shiseido资生堂可悠然美肌沐浴露(恬静清香) 550ml,772
10194000400,日本TSUBAKI/丝蓓绮红椿洗发护发套装500ml+500ml(赠送精华素小瓶 100ml）,353
10194000401,日本TSUBAKI/丝蓓绮白椿洗发护发套装500ml+500ml(赠送精华素小瓶 100g）,353
10194000426,膳魔师 FOOGO 3段不锈钢防漏吸管杯 300ml,546
10194000427,膳魔师 FOOGO 3段不锈钢防漏吸管杯 300ml,546
10194000430,【保税区发货】膳魔师 不锈钢防漏吸管杯,546
10194000431,【保税区发货】膳魔师 不锈钢防漏吸管杯,546
10195000035,保税区发货 美国ChildLife童年时光钙镁锌复合营养液 474ml,100780006
10195000066,【云猴生鲜】黄石溪 20枚装鲜鸡蛋  包邮,95860003
10195000076,SNP马油护手霜 100g,3950001
10195000077,Amore爱茉莉 86牙膏蓝色 120g*3,365
10195000078,Amore爱茉莉Median麦迪安86牙膏红色 120g*3,365
10195000079,Amore爱茉莉 86牙膏白色  120g*3,365
10195000092,SNP lovely香薰身体乳 200g,773
10195000093,SNP S-Line身体贴/瘦身贴 10片装,774
10195000094,SNP 可爱V-线条膜/V-Line微整形瘦脸贴 10片/袋,331
10195000164,【新品推荐】德国Doppelherz双心大蒜及山楂精油软胶囊480粒,99900001
10195000167,【新品推荐】德国Doppelherz双心氨基葡萄糖软骨素防关节炎胶囊 40粒,95920007
10195000172,【新品推荐】德国Doppelherz双心 精选蔓越莓+石榴精华胶囊 30粒,100780001
10196000001,9块9包邮  橙先森黄红配 70~95mm果直径  1颗血橙+1颗黄橙 礼盒装 约1斤,96
10198000006,【现货包邮】韩国进口休闲零食品 LOTTE乐天奶油瓦夫薄脆华夫饼干鸡蛋煎饼40g,753
10198000046,【现货包邮】日本dacco三洋宝宝手口湿巾 超纯水婴儿童柔湿巾湿纸巾口水巾20抽,467
10198000057,【现货包邮】dacco三洋女性湿巾 生理期经期护理滋润型 呵护女性健康24片,635
10198000070,日本Calbee卡乐比薯条三兄弟 3口味组合装90g*3 国内现货,134
10198000074,【云猴生鲜】陕西延安 洛川红富士苹果（80#）约3kg装,95
10200000053,Anna sui安娜苏漫舞精灵 30ml,96940001
10200000066,Ferragamo菲拉格慕梦中彩虹 30ml,96940001
10200000069,日本Canmake井田花瓣雕刻五色哑光珠光腮红（4#草莓芙蓉）10g,864
10200000126,九日迷你海苔装20g,134
10200000130,九日牌椰果可可饼干138g,126
10200000132,九日牌蜂蜜黄油薯片60g,134
10200000136,可瑞安 奶油榛子威化142g/盒,126
10200000137,可瑞安  巧克力榛子威化142g/盒,126
10200000140,可瑞安 山都草莓夹心饼干161g/盒,126
10200000145,可瑞安  小巧克力榛子威化47g/盒,126
10200000146,可瑞安 原味小苏打饼干56g/盒,126
10200000147,可瑞安  小咖啡蛋卷72g/盒,126
10200000148,可瑞安 小咖啡蛋卷72g/盒,126
10200000160,青右九日 原味打糕120g/盒,126
10200000167,瑞士莲  瑞士经典排装纯味黑巧克力100g/盒,129
10200000192,小老板脆紫菜36G（经典味）,134
10200000203,illy_ 挂耳包咖啡（深焙）9g*5,141
10200000204,illy_片挂耳包咖啡（中焙）9g*5,141
10200000209,德菲丝  松露巧克力黑色传统系列250g/盒,129
10200000211,德菲丝  松露巧克力浓情古典系列100g/盒,129
10200000223,X-5花生夹心巧克力棒36g,129
10200000228,百乐顺  牛奶巧克力夹心饼干28g,126
10200000243,【自营包邮】日本NIGHTDIET夜迟睡眠新谷酵素30包150粒,95920004
10201000002,The Face Shop菲诗小铺可爱女孩大米植物防晒隔离霜 紫色40ml,99770005
10201000003,韩国The Face Shop菲诗小铺可爱女孩大米植物防晒隔离霜 绿色40ml,99770005
10202000045,Benefit贝玲妃好无油虑打底霜 2g,98740001
10202000049,Shu Uemura 植村秀樱花清肤洁颜油 50ml,343
10202000050,英国AA网 Amphora Aromatics 芦荟海藻眼胶 60ml,335
10202000051,英国AA网 Amphora Aromatics 柔和镇静金盏花 面霜 60ml,98740001
10202000053,日本Minon氨基酸保湿清透面膜4片,331
10202000054,COSME大赏太阳社玻尿酸透明质保湿原液 80ml+10ml*2,343
10202000055,【新品推荐】德国版Salus Floradix原装铁元500ml,95920005
10202000056,【新品推荐】澳洲Nu-lax乐康果蔬膏（500g）,99900001
10202000057,【新品推荐】新西兰Healtheries贺寿利儿童奶片,100780013
10202000059,【新品推荐】童年时光钙镁锌酸甜口味补充液474ml,95920012
10202000060,【新品推荐】童年时光DHA软胶囊 90粒,95920018
10202000061,【新品推荐】美国普丽普莱双倍浓度氨糖维骨力/软骨素营养片240片,95920007
10202000064,【新品推荐】美国普丽普莱辅酶Q10软胶囊 120mg*60粒,100780008
10202000071,【新品推荐】美国GNC健安喜月见草油500mg*90粒,95920008
10274000010,【现货包邮】晶玉小黑罐糖水砀山黄桃罐头出口品质 新鲜水果罐头果泥零食300g,753
10274000042,我的美丽日记面膜1片*23ml  多款随机发放,331
10274000043,我的美丽日记面膜1片*23ml  多款随机发放,331
10274000044,韩国LG ReEn睿嫣润膏奢焕滋养洗发水 250ml,347
10274000055,意大利Mellin美林辅食 星星小面 350g,395
10274000060,美国Gerber嘉宝 番薯口味星星泡芙42g,753
10274000061,美国Gerber嘉宝 2段蜜桃苹果米粉 227g 6个月以上,753
10274000065,美国Gerber嘉宝3段香蕉草莓谷物燕麦米粉 227g 9个月以上,387
10274000068,美国Gerber嘉宝2段苹果番薯混合谷物米粉 227g 6个月以上,387
10274000074,【自营包邮】德国HiPP喜宝有机香蕉牛奶米粉  500g 4个月以上,387
10274000080,Happy baby禧贝辅食零食有机酸奶香蕉芒果溶豆28g/袋,753
10274000081,Earth's Best  1段有机婴儿大米米粉227g/盒,387
10274000082,Earth's Best   2段有机婴儿燕麦米粉227g/盒,387
10274000083,Earth's Best  3段有机婴儿混合谷物米粉 227g/盒,387
10274000084,Happy baby禧贝辅食零食綠色泡芙圈60g/罐,387
10274000086,Happy baby禧贝辅食零食香蕉泡芙圈60g/罐,753
10274000087,Happy baby禧贝3段DHA有机谷物高铁婴儿食品米粉三段198g,387
10274000091,美国嘉宝Gerber蓝莓星星泡芙42g,753
10274000092,美国嘉宝Gerber辅食零食苹果草莓星星泡芙42g/罐,753
10274000093,美国嘉宝Gerber辅食零食香蕉星星泡芙42g/罐,753
10275000102,美国嘉宝Gerber1段 DHA&益生菌米粉 227g  4个月以上,387
10275000115,嘉宝Gerber 美国 4阶段草莓树莓果粒谷物米粉（227g）,387
10275000166,【自营包邮-郑州发货】英国Cow&Gate牛栏3段 900g,380
10275000170,【自营包邮-郑州发货】德国喜宝HiPP有机奶粉12+段800g（12个月以上）,378
10275000172,【自营包邮-郑州发货】德国喜宝HiPP有机奶粉12+段800g（12个月以上）,378
10275000176,【自营包邮-郑州发货】德国喜宝HiPP益生菌有机奶粉奶粉1+段600g(1-2岁),93980002
10275000178,【自营包邮-郑州发货】德国喜宝HiPP益生菌有机奶粉奶粉1+段600g(1-2岁),93980002
10275000196,【自营包邮-郑州发货】德国喜宝HiPP益生菌有机奶粉奶粉2段600g(6-10月),378
10275000197,【自营包邮-郑州发货】德国喜宝HiPP有机奶粉3段800g(10个月以上),380
10275000199,【自营包邮-郑州发货】德国喜宝HiPP有机奶粉3段800g(10个月以上),380
10275000202,【自营包邮-郑州发货】荷兰美素Hero baby奶粉3段800g(10个月以上),380
10275000207,【自营包邮-郑州发货】荷兰美素Hero baby奶粉4段700g(1-2岁),383
10275000209,【自营包邮-郑州发货】荷兰美素Hero baby奶粉4段700g(1-2岁),383
10275000214,【自营包邮-郑州发货】荷兰美素Hero baby奶粉5段700g(2岁以上),93980004
10275000216,【自营包邮-郑州发货】荷兰美素Hero baby奶粉5段700g(2岁以上),93980004
10275000224,【自营包邮-郑州发货】荷兰牛栏Nutrilon奶粉2段850g(6-12个月),378
10275000225,【自营包邮-郑州发货】荷兰牛栏Nutrilon奶粉2段850g(6-12个月),378
10275000233,【自营包邮-郑州发货】荷兰牛栏Nutrilon奶粉1段850g(0-6个月),377
10275000242,【自营包邮-郑州发货】荷兰牛栏Nutrilon奶粉3段850g(10个月以上),380
10275000243,【自营包邮-郑州发货】荷兰牛栏Nutrilon奶粉3段850g(10个月以上),380
10275000245,【自营包邮-郑州发货】德国喜宝HiPP益生菌有机奶粉奶粉2+段600g(2岁以上),93980003
10275000247,【自营包邮-郑州发货】德国喜宝HiPP益生菌有机奶粉奶粉2+段600g(2岁以上),93980003
10275000251,【自营包邮-郑州发货】荷兰牛栏Nutrilon奶粉4段800g(1-2岁),383
10275000252,【自营包邮-郑州发货】荷兰牛栏Nutrilon奶粉4段800g(1-2岁),383
10275000256,【自营包邮-郑州发货】德国喜宝HiPP益生菌有机奶粉奶粉3段600g(10个月以上),380
10275000258,【自营包邮-郑州发货】荷兰牛栏Nutrilon奶粉5段800g(2岁以上),93980004
10275000259,【自营包邮-郑州发货】荷兰牛栏Nutrilon奶粉5段800g(2岁以上),93980004
10275000268,Shiseido资生堂尿素深层滋养护手霜100g,3950001
10275000311,意大利Mellin美林辅食 梨子 200g,389
10276000026,德国长发公主Rapunzel有机婴幼儿小麦蔬菜汁彩色数字字母面条250g,395
10276000150,良博系列腊肉（500g）两包（包邮）,96770001
10276000151,良博系列香肠（500g）两包（包邮）,96770001
10276000217,【自营包邮】日本尤妮佳Moony纸尿裤L54片 9~14kg,632
10276000219,【自营包邮】日本尤妮佳Moony纸尿裤M64片 6~11kg,631
10276000266,【自营包邮】英国SMA惠氏3段  900g,380
10276000285,澳大利亚Goat Soap纯手工山羊奶皂 蜂蜜味 保湿杀菌,453
10276000289,澳大利亚Goat Soap纯手工山羊奶皂 柠檬味 有效祛死皮,453
10276000302,澳大利亚Goat Soap纯手工山羊奶皂 原味敏感肌肤儿童适用,453
10276000311,【自营包邮】日本大王GOO.N纸尿裤XL42片 12～20KG,633
10276000329,【自营包邮】日本大王GOO.N纸尿裤L54片 9~14KG,632
10276000330,【自营包邮】日本大王GOO.N纸尿裤L54片 9~14KG,632
10276000345,Avene雅漾舒护活泉水150ml(带防伪）,343
10276000358,Evian依云天然矿泉水喷雾300ml,343
10276000359,Skin Food思亲肤荞麦散粉40#23g,99770008
10276000360,Skin Food思亲肤荞麦散粉10#23g,99770008
10276000361,Skin Food思亲肤黑豆眉笔2#0.2g,99770009
10276000362,Skin Food思亲肤黑豆眉笔3#0.2g,99770009
10276000363,Skin Food思亲肤黑豆眉笔5#0.2g,99770009
10276000364,Skin Food思亲肤黑豆眉笔6#0.2g,99770009
10276000365,Hera 赫拉气垫BB霜 SPF50+ PA+++ c21# 15*2g,99770005
10276000366,意大利Mellin美林辅食 恐龙型面 280g,395
10276000368,意大利Mellin美林辅食 心形小面 350g,395
10276000369,【自营包邮】日本花王Merries纸尿裤S82片 4～8KG,411
10276000373,日本花王Merries拉拉裤L44片,418
10276000374,【自营包邮】日本花王Merries拉拉裤XL38片 12～22KG,633
10276000396,韩国乐天  香醇细腻56%高纯度 巧克力 86g/罐,129
10277000039,【新品推荐】Comvita 康维他 麦卢卡百花蜂蜜500g 天然蜂蜜 健康营养,100780017
10277000040,【新品推荐】Comvita 康维他麦卢卡蜂蜜UMF5+500g 天然蜂蜜 健康营养,100780017
10277000074,新西兰Streamland新溪岛 黑糖 500g 买一送一,129
10277000147,Clarins娇韵诗抚纹身体霜 30ml,773
10277000148,Clarins娇韵诗纤颜紧致精华乳 10ml,333
10277000151,Estee lauder雅诗兰黛青春抗皱滋润眼霜 5ml,335
10277000152,Clinique倩碧睫毛膏01# 2.5m,99770012
10277000153,L'occitane欧舒丹玫瑰沐浴啫喱 75ml,772
10277000154,Clarins娇韵诗手部修护霜 50ml,3950001
10277000155,Biotherm碧欧泉男士爽肤洁面啫喱（中性肌肤）40ml,330
10278000317,日本进口Calbee/卡乐比营养早餐 水果颗粒果仁谷物380g冲饮麦片,100780019
10278000377,【秒杀包邮】法国进口路易科隆红葡萄酒,121
10278000432,【云猴生鲜】新疆 阿克苏（特级85#）冰糖心苹果约4.5kg,95
10278000469,【自营包邮】英国Aptamil爱他美3段 900g（1-2岁）,380
10278000471,【现货包邮】法国卢萨克红葡萄酒礼袋装750ml 送开瓶器1个 浮雕酒瓶进口红酒,121
10278000472,【自营包邮】英国Aptamil爱他美4段 800g（2-3岁）,383
10278000477,【自营包邮】英国牛栏Cow&Gate 2段婴幼儿奶粉 900g（6-12月）,378
10278000481,【自营包邮】英国牛栏Cow&Gate 3段婴幼儿奶粉 900g (1-2岁),380
10278000484,【自营包邮】英国牛栏Cow&Gate 4段婴幼儿奶粉 800g (2~3岁),383
10278000487,【自营包邮】澳大利亚Bellamys贝拉米有机婴儿牛奶粉3段 900g 12个月以上,380
10278000488,【自营包邮】澳大利亚Bellamys贝拉米有机婴儿牛奶粉2段 900g 6~12个月,378
10279000030,美版苹果（Apple）iPhone 6s  16GB 移动联通电信4G手机,92930116
10281000041,包邮 俄罗斯进口面粉 高筋面粉 面包粉 Aieuka艾利客小麦粉1kg 烘焙原料,95800003
10281000061,【湖南沅江.芦草土黄牛】新鲜 牛腿肉250g,96940011
10281000074,韩国Tonymoly托尼魅力水蜜桃美白滋养护手霜 30ml,3950001
10281000098,进口Barilla百味来意大利面套餐组合 5#直面番茄罗勒辣椒意面酱,147
10282000001,莉亚斯红葡萄酒,121
10282000008,日本北海道Loshi马油 滋润保湿舒缓乳霜 220g,98740001
10282000286,潘婷经典秀发超值家庭装洗发水750ml*3瓶（潘婷丝质顺滑+染烫修护+乳液修护）加送Olay沐浴露2瓶,347
10282000315,马来西亚进口马奇新新巧克力味威化饼干90g*3包休闲零食甜点饼干,126
10282000322,多芬超值沐浴露组合720*2瓶装（丰盈宠肤沐浴乳乳木果和香草沐浴乳）,357
10283000009,2袋*日本进口Calbee/卡乐比营养早餐 水果颗粒果仁谷物380g冲饮麦片,100780019
10283000052,美国Badger贝吉獾关节酸痛舒缓膏56g,3950001
10284000023,【包邮】果园直销 四川安岳柠檬 新鲜水果黄柠檬时令水果 现摘现发不打蜡 一斤约4-5个,96
