,item
0,YHoYNkc9SdrQbB5lgc9FQQ
1,kIco4kv-FHT6QqdkDQ2cow
2,bjUH-01t834CVg0Yl0CLWQ
3,yJDSMugu_Pom3pJE8MRrJA
4,wxRUJXCIM19yivp0tWDznA
5,_zI86PL_WFp5rDMdXBD4wg
6,lLI8ObL8aCVbkrrtAW0EHw
7,kEyCMHBnohaWc81omLDfYg
8,FDfK4HygC_P-Idoy_K8PKQ
9,4kP-_4yBsT5JOSe6GVJyTg
10,4-qDkltBuJ_Lbj3nyxvUlQ
11,GN72XbUh61J5wWQyW2oZsQ
12,KxsOOasb-vP56d86U8lTsA
13,3C84uawGg_icNH4BNiSmjQ
14,nukg1Rk89Y2slg5n8r7hOQ
15,z6vO1HR8L2iW4avr610XKw
16,PwxvN0SnAGPdqXdNEYVT3g
17,MhT6KfOP3V_wdoUmtIlclQ
18,xF74A0bux_Nq_QuJ0Ivsbw
19,3rwM9fPYPk9qDkEBOhyHbg
20,jEl3EMDpkGTaPz-eRA8mgw
21,0_J4y0aEmtuzgdsH2OfWQw
22,W0eocyGliMbg8NScqERaiA
23,h3cVHInSrkLsfa1BJ80RJQ
24,EWMwV5V9BxNs_U6nNVMeqw
25,xDsnQkMPtpZQiMp8nZg5Yw
26,CPAgXYZGlTyz7L2fvN_Erw
27,UEEuS9C0k2VxdXj4LI-BMg
28,dC6rDLGRoch_DOZk5kLkWw
29,wE_exQZBL8sMy2DilI5qAQ
30,yb17xHvhDJthJGS10uhFeQ
31,kNAmtnpjbgeUrAyRBBPTuQ
32,4qOPELunTvPQsmmnLDr4Jw
33,pwF_phwjD1ZHsY1xC9H7mA
34,G4ZZHlp6CdYBZOirW2_PQA
35,DrpGe8OditGk2-xiH86_fA
36,xjFGpzNg3FJuqpS-_B4ceg
37,8drHO8RJB_LqlO47BwX9_A
38,j5HLcBru7FEirYJPbKFVWA
39,1zM7busmXUfYrbNiIHIcuw
40,GELMS90-RDnSuLEFPxnt3w
41,T35GMi7R4XtJ84W0Y_nDAg
42,RA2EuX04SHqmayKpLhpNvA
43,k8JnZBspVOI8kLcQek-Chw
44,BMjggIgOghBMEXPo8q7q3w
45,MhgYfihkb1QZfVpSNLb2uA
46,mWFA3S-h2_bEvjDJP-11wg
47,MC8Fv4Hd4reUsTKJYoZPfg
48,z3SyT8blMIhsZNvKJgKcRA
49,f6KGn2OyYk6LWEpnUEgerw
50,pkymE_0e7IxrQJhYaGtaCA
51,NYufiY89993XQ2uQ1VzP2Q
52,ECHH_ULCOFTQow72dJHSvA
53,HrkpmBY-ZbDTbizPMr7TEA
54,Cg-sAdXA5pPAD2q01wEj7w
55,dRAcWY-K2AHPJ2ofVwmSEQ
56,BWHWlMbbfW2uuuZpmkWItg
57,AjVRPatAHLNwbnx3GWk5Gg
58,H70utyH-kb12Dg3KRPjuuw
59,mWjlJ0Mvde4nBvM9nXlU-w
60,jBIMDAwgJ57GUsI9xy4wEw
61,VU-6-O55jPN8L4fWe1FLsA
62,BPi1Q5wX0_o5VlO_XRyYuQ
63,tnj_ngdNwdnQEvi3NSNWsw
64,_9h-jH3YOkAU9-2A-dy6YQ
65,Dh-jKrXlivowMGDtfD_gug
66,HRwqeCdIH5joMnirnqrV3A
67,oR8R39yGJQTRYEPAoJagrg
68,iaAshx-76WJFYJjlnuKhxQ
69,jEWfxxA_kjeJE_Z_ku3zLA
70,umdxfhSlk67yGEi8-S-bEg
71,f9eFteZuBoZqzYg5UUrufw
72,EM4gmlsOVfXT4faEkp8IzQ
73,Jm11YjDPn9l74pbodGQ8hQ
74,lLU7Q9fWurssDHHFUAxmxg
75,LdBOo8U_ygMIw1lfSJwoUg
76,X4CnrlflZBDMRzSPWfMBaQ
77,keV-NU5jaemf9L_7HDX-OA
78,cLojUtqkFpVIHFEvA_5Atw
79,2_RxUbv1fyJvQ0CifOAfAg
80,yypKLRJxSjR2uNaTS_O6pw
81,LCiuBfVnv5oBPBqbyb_EyQ
82,j-_jKQ-5IE4hqQzA-hsApw
83,zmjWXerSZlB0eRLxrKevYQ
84,IzE2C8U4IKdXG3qh1-TKZA
85,MNizy8sasQbTEw2bBXrlpg
86,sZAzeccYUVPjlkrlMooV-g
87,iNvY0zAlaD_ye7Z6rHu-Ug
88,lvXTTRMIlSCZ8uOgRg6s9g
89,FurH1SdN1OQviPrtMEQBCg
90,5RNJU6rfmBg8gCiuV-Kz4g
91,yGWjaYeSJ9O_LGlQwu3QCQ
92,r1Kk8RR0x8qiSzaEluagPw
93,ZCkh7L0HyZ8L9RclT7A_cw
94,t-0I_HBqj1B1IriLab508Q
95,KszjzV0F4WqkKFH_-5fHmQ
96,7zlhizyTYUTqAqQz6w416A
97,X4G7Zr-7fOr1bBP4iiONuw
98,MPmSoEd46WXqhN-5rw7Yqw
99,6gJj6LSZY5HsOhaYpIvQxw
100,aOR_hD-xXsnU6bgVcJ3uXw
101,W5485W1TIxQz2-eJ47P_Jg
102,DWU6qqrlrC4wDkxhbHo8Tw
103,qsBet6HtxE0x41cUYl8vgQ
104,eClo8BPc90-YdBfuvRcpkg
105,8hnjKa0-bQtvbESv51LoFQ
106,Yzl0eysU1W6hve4a_-q0CQ
107,7Z-1mLIoxCHUxCp54W1CGQ
108,naLrErBuJr9IWd6_rv6-XQ
109,AI16w9Hsiq9xFyUnX8x9qw
110,s1dex3Z3QoqiK7V-zXUgAw
111,yo7gE6rlR3PpKucwcZ7_gg
112,GDpGkoFIkRp6b5HmdcMu1Q
113,Lgb8AX1VZOrPTD60jNiDgg
114,_AtU1W9qnTHHtLTPGKxc9Q
115,CBoMK_j_QG-DdMIsqznTkQ
116,b7DYG6rI5l-9oHxBJ0iNtA
117,STv-ED3M2xmRFMSvQbWGaw
118,lidcKZMOzz9M2p7-SznZcA
119,nh2k5n9GB1nu5WOC4Cakhg
120,bqYrEwL5xjqv0u8XAij--Q
121,Qher1XRFuU8GnhA4BH7wog
122,WAmpia_3C1wj5-vAC2WSzw
123,vkTZxQ69vF7FEROtBedfXg
124,a720bjXTBavuhqBko7eRAw
125,Pfb6VOIiroqDWOebfgWGPQ
126,DRMwvfM0fg-GY4hD5P9apA
127,L-NzaroskDG7cwW9OJJadw
128,-SB5exmdSotbAFh-NwMmbQ
129,Nj6ITW0Zhl7LpovGIH6SAg
130,1V-pyoh29KWxVVH-vEbseA
131,LxCf3sDhSiOWH_xJTQfFkg
132,N8VigpcX5SkxJJ1LFdt93w
133,s8NoNszuW8_CSFQjLApRuQ
134,aHUz8Npmmik5GxgooUoz_g
135,tH7SGQ1WEUoJGcc4wcCrww
136,aNuyJOFNrb-d71amzPpxlw
137,7CeaeSsxiYj3P3ZurTetzQ
138,5OKffUNl_FrUXTqgZFCejg
139,vNQn_2P3lJh_-uBhRuSc3Q
140,m79L5WLftprDSKdXEtdrIg
141,dgXQ8XDTHixDkx45t1ZETw
142,eJpr6Ks8pr4bmvDVPTN-Xg
143,WWLSUH4M4DYw86mhvCKyeA
144,TZgbUbApLjWWES9Y7ONtNQ
145,7Z7IkR_-94AjUuDw0fbI7g
146,E0365VMez3Z52gHcozi7XA
147,zmFc8M-hS4uuyY0hklIpoQ
148,52ThhgAweE-ZOhj8ugjS0w
149,XfQqozxaq1o9FgtNiZjVDg
150,V3lQtk1LgwAEcF9j-BzchA
151,iELA6eREUgDVQrtLgYmS6Q
152,Te4VWxW8ceXp86D2fG5SOg
153,8Eh-lPCEXfGP72gQTct-lw
154,XKI-Wu5BMTp4HZy6k7FBmg
155,55XBESQMtmhI4I5i3s73sg
156,UUwfLMowHkIGcwIRvR1bKw
157,heBREJDcYo2skmEuyxk1vg
158,mSbFLlDB5Qu-6al1e2DSBw
159,d7V3ykQHqChv0KtXEanKLw
160,57YV3wsiNBp-aK25qjUeww
161,r3r_bAfa6pZKIhQB82FizQ
162,41j3GB7M-Lwq284Pfb9zgw
163,SB3boX2xy2EQxGF4Nm_R0A
164,IE42zLcQnDkuFGOg0d0iyQ
165,OuGcrCgeTBrJnEGvLZ3JvQ
166,5Q49MxuWJgXS649i7i2Iow
167,crSme9ZoLQNMtRGxv0htTw
168,moX-9x1Z76IlcAM3bAu4bg
169,CqhsIZ7TzCfJTrZqg5-gqQ
170,9IbQxDmWBG2t8w9nw9VgEA
171,3OkPS3Zk5u82zlm9XkBAcA
172,kGxG5jBIo3CW7sXBbe8XxA
173,QoFRAwMpoaMBlfg7ygh7rA
174,WoEc1TEvADXUxnCsCJsGkQ
175,E2F25cRcYf_bWtvbCht0EQ
176,4Pf9DQBcR23A6Lg2pDsrBQ
177,VLFM9U2FJtny4fWUpb4QIw
178,lha64ezWn-LpDoyUwSmjBw
179,z7hfWxIElgSfWpDXSVhKBw
180,wB1GOrySpkix4Phmt5lObA
181,Hlg5GDrdDtjeD8XGwH1eFw
182,HMr_KN63f6MzM9h8Wije3Q
183,UkbiF2Y3FUDGPK5YdCGgIQ
184,3Ga_INC2RfOk4RQYlSmjdg
185,MthnswWexrUtCzH3vS5YnQ
186,mgllPJA6NQXlJurFWAkqQg
187,ieheWXxYPTM2stGLV7fEPw
188,9DsXB8T3UwBYiLPiLJJuNQ
189,jmgKs7CTqSWWwJnFnPIf4A
190,wymKtPG9jjTyTpz7_WYhgA
191,MiVcQsXp3TYUmeD7FSa-hA
192,vKXLqyrebmNNPxWsGZolZg
193,NGJDjdiDJHmN2xxU7KauuA
194,gXkv-2CPQFs1iggbftTl_g
195,LTYuXoNDUVIaR8fmjleb4g
196,Rn8GV6dDHjtuz3a9ezRGQQ
197,WD5l9HdTjDbqPRocncCrEQ
198,1sNa5oW9ZYX8MbMFkx9LzQ
199,K_4eqmOoO7r0FbgQIZzq_Q
200,pDXv67UQjBKScEgGhc5yLg
201,sKakNuBkT4-Jc7ugp9GGew
202,iNQL4_h22hB9eedFeaSILA
203,XLqnjlLYt0_q_NG7l_BpMA
204,JXBdcBb3ivm89fhr6-yfSQ
205,WW2usZ_qGahfXGA5rhKvZw
206,PwpfzdITG3-D5G1LBCwHsg
207,yHu4EhYfF58kgS8gDUcb-w
208,aB2w4XFUi2Djp4t-XDLBOQ
209,uMxfxbqT27XDeU9UTXeErg
210,bxuKrGz1C4kXm_kjILdfAA
211,WRjMDL79KQ0ZG5yCdfJiYA
212,G2AqHSVc8t6I21qiHeq7jA
213,-K22CWorrReIV_kgLa6dmQ
214,auorqdHiATGZHVd-sd79ZQ
215,N_w1xxQkAjUZwZv9OOJ_AA
216,-8wyZkzfBmCFkMwCGcR4PQ
217,lbDBVMkpSKaVgEU9tJOq2A
218,Kur7YGwuw6CqnqEypNrOvQ
219,wH9WtaTlrRawH_IpK90RPg
220,G_2CWsU7GYwhNqptrLXUBg
221,qGffC4h6UOTSkLhzjj59FQ
222,3fA43apyr5i8PAm0Az04hQ
223,AR6Yx2677bu5INGALoOsdw
224,BYQz12ztqIC54cmAEdCYDg
225,ZqbLzCYPdDNL97lwoiQmWQ
226,1zDCfNgtfyh-Uw8j3JxhHA
227,Z5MURF0ln9rOP9UCF_51_Q
228,UjAj7SjUQg8znkwk_gaDJw
229,ste2Xx7pjFKCpx_9YIGf6A
230,kFVapB4z_5VoOnYazF_ERA
231,jPibvBFEaiCl66cU2_klDA
232,VyvLGgW17rfTaviNsNugOg
233,EpQDugxrbGJlvpSx8piy7A
234,eKEfEAftcaZB5ULXSyoT5w
235,uRnyJunCC44SpdPtt1x7xg
236,9Vr8jxyP6eP9HQcEbg1awg
237,vjKPL-nTfGS49fJplsxDDg
238,g9-Ktwy49JM-bhwc0FCheA
239,7xbTnoyaai4JTkZ8rFPQTA
240,ilJiRYZgxjrEu2iexKu-pQ
241,hKmjsDS-nK-cPyUyix-PiQ
242,Pr9rQKypHgC_J1AfufxzIw
243,ne-utgVJDLVTBQaT2zKOIw
244,kV768Ru9q3JKNNaKuKAKCw
245,4hNjK7TpXjb86rfLDvL1lA
246,3gPEKDsMklt9-W-EPDj9ag
247,lvM9OzZaZWo1gC8Mwcthjw
248,e0HQNVQcfsTavbOsIlCd6w
249,fKcBuBxo4c6PxzHluTVeWA
250,e8FMAuTswDueAlLsNyLhcA
251,6v0vQm3wXzaFoEywvpbnqg
252,MSl5VK37822321Jc-pCflw
253,A1hqUVCcjRJb3PB96QFY0w
254,rKJfdpky5d8al-V6GPSP5A
255,2Ouo2D7E5Yz8OG7xB--yug
256,01cEFI5Pq_RyEwM3GSTopQ
257,v3AbHiJ71gYEJ_PcX7KmCw
258,yKbXWo_6VlS3mD_RcPquog
259,-73hx2hut_2KPcGpCTO5YA
260,j3xNAQtY6nFLeE6p4TpJoQ
261,Qr232ykh-d73aAKQqfdu8Q
262,vGCetjJwnPU5bqoNxFM3sw
263,BMl0s3R8_M7ux2TQgAqE_g
264,EolW2H_wkpYwWbBURN_4gQ
265,11YqvGEvCJkOl7nLtg8MVw
266,vriLsEHju-MCnNlkbjCUMA
267,nNJyE4VwvFwUk7pd28k5jw
268,b3MaC7nWia6uYvJrP8iu1w
269,MTUN0lKKoq7yN4fWagJ-3Q
270,ZQZzgR51Yf2PlDpQrwHkOw
271,USO4upm0Ex4uL57nHTplEw
272,7R8De0e3-pv6D-HhWlLRFA
273,Cj600pBtkNKwc-WWbcvLUQ
274,SG_gEmEXL4ID6RAEinC5Bg
275,YmYwD8co-1am2ryTkXaygA
276,Bc4m5IciNPj4fB1R6n0KqA
277,Pt667RuH8g5tue8KcCShtQ
278,1_tzgIokeCFWkeLpPzMFqw
279,Nc2TtVj6py6dHH_XdWAKRQ
280,OvE1oiSg9gaB9cLGzBPlnw
281,zuqsWG_FamUP3FQnL49Q4Q
282,0qPmDwHa9NdvvIOgerR8HQ
283,NK-lGc4ZpuuduTAwK5Y24g
284,B3X4Cbty1G_m9abGL47sQw
285,toIpqgcjG0HhPHZCMiHH3Q
286,ynK2ljcx5S1qSxouBrN5Xg
287,IUmAp5W5MaCvQ7I0NpF_fQ
288,0HEy3L3_pVscARQ-ogen9w
289,SDwYQ6eSu1htn8vHWv128g
290,UXZJe7_wxL3mSJ_GpbS_0Q
291,GjsA7N1j81TjBt7hT5H4YA
292,BUnnBAtGkX05VJ6xI3y6JA
293,ICjyeJid16n9ixyRwQoNMw
294,xMK01ZbVUYLLoyqoeWAIVw
295,uKETWlO3yEB_-jhoRtPYjg
296,_CHH9KN1bO5cs_GHjQ-r1A
297,jB1fFl1eIEPYe5FLpCZ5Jg
298,itFwrNtjrQL5NPMYTeD44g
299,_w2wIsBh-1M1ZCed2KjLlw
300,BO_TJFFJyXu8i2rW83hG3g
301,6H2c3qMbO5vAJmiTBRXI4Q
302,IUnRnZHmA56Tgr2acpHRow
303,sGXtpt1bkeZgjBeCbegZXA
304,uL_kqSm8ZqJ_3U88uwA8tw
305,h0BHOYLztdLqWNI-h4hwOw
306,Xsp9Dy4PQgAssCVk2-f73w
307,UGlXDK8BKOZCroDTJ8nPKg
308,bYOelA2sbbCZ020zgc__YQ
309,nc3IiY5LNdmEwUZCW84yuA
310,q9WaFYhlOZCrfXJQTG5t_Q
311,jRfdz5voj40P6WS9L54caw
312,BAFb16CUpRBKjG0a9189GQ
313,HXATHtS6NpV7UrOVZZ4PGw
314,6TuM3UyFP9O9uzTP0dVZMw
315,iWrfE2OsSV_eB67pc_9l0Q
316,glmwOs55H49Q_D8ENZtqYQ
317,BSlmhfVEsy16C_ZUpcyB8w
318,GoKArNsn4O4RQi3M2Choog
319,UL3OMN_c-NXHlyb97pDifA
320,gztTQsgq6FJwIoV4P4RNIw
321,U6imYlP52NIIGaTAI72i7Q
322,usjNCe_fdI4CbKbZCOKy8w
323,XIcmcmjX87v59DXh0iQW8g
324,ygFtI71WLsC49NcuBuRrRg
325,smoGuW2a2Nume83mB3JJSw
326,kSSvuD81S7T1Nrr2qsXVPQ
327,F0cNqcDlAwB4qVsRuGbFnA
328,HuewLVDas2H0q0TqcnmprQ
329,59U8McUEjsRC_7h4ALk12Q
330,ES-j5yNTgmgbL4He0h6otA
331,XZwJATuF3GS9HJbSqNi0Mw
332,eaqJQP6bp7rQJQt5KqfvxQ
333,_ZhGTeKXh1krFcyLqqKhsA
334,hxw-JWXKkYOSjZP0iZlj7g
335,7Qlb201gURKi3D0SKEWFrw
336,MWoM_zf75KD0VcOm8Yb58A
337,05fTEsjUPVo5jks8PpNKCQ
338,O2itB649QdgBHCT_tZGxNQ
339,mxrXVZWc6PWk81gvOVNOUw
340,5D1DG-EUUO3pMvMOuY6U9Q
341,J7UVAa5-5rhWI4SE3wEZ0w
342,C3WAtjq006LVC-EHCt-fRA
343,TeKAYmn3M_7_BYljXXZG2g
344,yHlN6JUPbeFM23PcvXUp_Q
345,5yMcbS15CfhSvVQWCe79tw
346,wrlKQNus6TT80SWa_bVB5g
347,ODlUjRZ4mgrN93YmZFKPFg
348,jIMZ4emK6VYAqTGR6qiuwg
349,kwEQ3uY9Jwmknb5kNg3UlA
350,dG7KLQ1a584wI5jSADIPIg
351,wJX-ecGrSi7oUpQzOZ-LEg
352,3wvt02K8Q4tZx0OImekCTg
353,BRhKD4BEMg6NagsD3z-0YA
354,uZdGSJdWbQpLDsuV9mP79g
355,j_pce4pG9krrBeYwUni8Pg
356,pI70lagk6M2cHExvRGBEyg
357,mI2poz7WNXEZtJpY8NAUGQ
358,6zHlgXi4Ze_sPhUo5HnOSg
359,DS2smdabGmgClXvlvYB9xg
360,FcBcmHppCJiaMPE-7AQcRQ
361,XpNxXmqBKZE5ZHaI-ZgAmw
362,V6h-H6DAfNuI3Ejn4LXAhQ
363,OkRzw22eDg45do8i-1jHow
364,RHYJho19op3wdNfJOFUR0A
365,mSNH3LNPpNPSAbqBgIxbxw
366,HAgGoHAT9Ar98jjBvhucPA
367,saFnWb7pjH6OQRPOcWUEfA
368,xczdDnDIUoVZ2ILT9nEvPA
369,ynlTj5ZhlITO6jpIGBKSTg
370,abyw7M9utpZJGo_RF0LScQ
371,DJMC1HD4XEeaJaWlR6ISBw
372,7tTK3VPlFtBGBHm8-LZIUg
373,uQni9zWYFcz7LUn2_hIdDQ
374,wOvAbdVYDaguotpdSALsfg
375,s-Se9C39G3SSoVPm_SqfkA
376,0sktvP-VFkPXvqNHG889Bg
377,LnCbpxipUrA165zvfaePGw
378,rP76z9iDOFczywAiee-l7A
379,q5GwlLkmgtndBqXpKUaqyg
380,AcBXW-uhOftCVHxX8qng8g
381,cRwNwAGQ8Pc_-orLefrwRw
382,WowrRUKvjiLX4zT12xU_yw
383,y0plWo8YVTM31ohd6MkRmw
384,6UXw7_U13Th0PZlMXZbjMg
385,3eCcG2anbC12_1wPxFO8xw
386,A_vRqMo7HrlnCRFvzWVcfw
387,yZXEELxi8KMwzXCHP345GQ
388,BD74uSwDe175zEqfppDRvg
389,1fjgZaW6_qTYoAaSCfI-VQ
390,62x3oJ0X6yuwBTKpjmj-Sg
391,7TMf1NuuAdvhG7IojZSKnw
392,qdCbbg7FyD6mzf0L_g64uA
393,ZEM4THAB2MRItUV8DQ5b0g
394,cHmmow7f9giYMfQ4bp7JHw
395,RCAiM58UdsGl94QA7HeCAQ
396,liJ7u970FYGtRTo5EOxvqg
397,7DxtyuQZWTE2djy3T680Mg
398,zwHcKioS_8sp--GKsg0wrw
399,DFOcVl-0-v32cSzkqK7G4g
400,-g0zVR9LswlUud9m1eFuUQ
401,4eqw9xCbCmNQPV-AQJcXPg
402,0sGv8StC2mq49VeqevMiQQ
403,ZNdsRbGeOfrYYPRl6AziCQ
404,2rjoSIEy49ED0tBqp7_Dpw
405,3WZirVpghhNWTa4N2HU-xQ
406,nZgYNbl1XlZyyKlISMoG6w
407,XkNQVTkCEzBrq7OlRHI11Q
408,-Q-YDKiV5pOLVWoQUFja1g
409,IK8ID-Dq7LZsPppx4sKLhg
410,aSZzH68--YxNQYAO5nKBkA
411,t-GgSYuw4VQU_9ZcL9_zGw
412,j8nyAaN_w5t6wYv-ni23sg
413,5tsqcZEvZYTpqux7_IGHVw
414,fhe6HAP9_IAMDyH8OEEIwg
415,WZHIYPqGPaPQW97GNrkqjQ
416,m6HxWA-di0YWx1eWbEcUBw
417,NdWepl0uhdzWDLANul0Uqg
418,U2RaLjJ6NlRWINDr-DS8Uw
419,Qc-WTMIjVPv2qkL6q-Cnhw
420,hD0b9ndzxdMUJitRX_8zeg
421,ZRJwVLyzEJq1VAihDhYiow
422,OHsuvX4rmhnPvvRBb-QK7A
423,wRnX8AV5CAAJnEgReTMaHw
424,R8VwdLyvsp9iybNqRvm94g
425,pmPqJ6N35WgibLWivJ0p2g
426,-hZgSHxGT7mFRoNhHEIuFQ
427,WP7xXx3AnBP0o-NVK5omoQ
428,4yKV9YFDkawypVFoi2HHEQ
429,5nddZwZzT7pvC5vBjKRzoA
430,skhsqXMojhNAXZbsMZB8uA
431,nrtQ1MbahiNDSRn5CyA-Sw
432,xz4qczirwLcSrCqTalo7kQ
433,-AAig9FG0s8gYE4f8GfowQ
434,2jUt0am_yQoJbSXG5_GJ2Q
435,VKNl2-aF4n1x7lPVyU-Mag
436,qth1W742hXtFoNVYvuHBEg
437,M9ielGjZ-WdNG6CQ197NGQ
438,jEkaxdgLxUCf4jtUnCPVWg
439,PdRzCJWP7nPdYoHPdd5SOQ
440,iqLVYrsX25XUZqjRjvbYfg
441,DfBLfxmCeh9isGrKE3nQkw
442,0GxuaWrKTy2tR2FoPD-yUw
443,di2QHs2SrY0XFHcfAq_k2A
444,_tS0YfyPDxOXxrN4Kl2_HQ
445,eOKOOh1qie10HmdtLErp0Q
446,04SjxbgQIhszy2Py0BnLfA
447,vD8YTJg0d3WTZ_R8dJ4zMg
448,spef7svg0lEtiiVAB54gZA
449,x-lEn6WxwqSNrdYdgjRsyw
450,9UrMG4cn2nfIQsJlH8e2PQ
451,oOo0xGOVq7cYTP1fORdoFg
452,NFMlj1TMVqzvo8jlQp0dUA
453,MkG0X_ubfBRoxvjxYvldbA
454,_HGheM2jzKEZFqkT4kyViQ
455,TZ4d1i8epUVCyBoONulfUQ
456,if4obdFN0d01nh62DzpwFA
457,dZ7915F-dAKPJZQJwJDSVA
458,le1IsRLrTq2Xo78RyFpsnw
459,N31_Aw9VIOufgH3VtTBUbw
460,3OB5gQqibKGTzx9R1w7wKQ
461,EtijSxqheu_LHohSvKQfLA
462,e9nN4XxjdHj4qtKCOPq_vg
463,vVlalQk_t9pKHXFOvAh3Nw
464,dwaNheCWKYvw5QMrd96vUw
465,TpQMR-JFE5V0UPzTjjuwFQ
466,r5dz4mQoI3BKfJww4Qt-aw
467,8m08a9xJKmANwmeuR-0bPA
468,gEAB85-Zcm8Qs5JQPC_PHg
469,9qDxlEmzsp_-_PTwBu6maw
470,ubwHoadNnVfMB9dFV2uyTQ
471,mwpwfnnp4V0vorwc8fL9-g
472,MRgTo4MA3f1MB_VL3IVh5g
473,GhEyMSaBS69MYEb4HAaMng
474,lHhyKbLtOCLXvNATmKtB9g
475,Gdmig8uYu5Mdfcgn0XsT3Q
476,xymCilKjW4I64hMIt2TouA
477,IPsG_71MD8pwB9i3TKOJYg
478,Lbop648B0FlHlq6pVuOaoA
479,R3FLaYuHfSXnwA3s_PXw6Q
480,-tsCj7HZ1TT548bcz8U3ZQ
481,ELDkWCzEMQcFVpVtSCugag
482,QXTN5WwZxvf-Z940RmDUdQ
483,0MN1z_ELvr4Tkl0OsLTVkg
484,q6liXMxYTMYx7evcgz1eQQ
485,Uhw6U1Nj-wtl2cSj2nrTrQ
486,OrroVLyLtuKJGA3RJoLesw
487,wb2rN3gPAyvxhXHJHeE8Wg
488,zAWZw3tks3eod85vWrWLQg
489,uaAMGh8gMoJD4nLFzNsM-A
490,l1MZjZK2tLxfFRB62lQmsg
491,HgWv_Tb1vlz-iMQAQ2OhuA
492,9suHzzx6upZhQ_qnhVjsgg
493,frPUIy2otUNDtEkQnwb3iQ
494,593Sg-q-RdAhtXL5WSiCqw
495,BHFBi9eEQqzh8QaUYyngjQ
496,RmA5zN-Bs89lsTuY6v8W3Q
497,N2QNBgTXWRnGaaHidYyXfw
498,XgfKcL7eBJE9B66qoaIlJQ
499,1NaZwcqsrIPe0gVneeYASQ
500,kk1eGb2tp9Y6KR_kjRYEUg
501,LbeCoGvbp1qFTFj63G_6tQ
502,bt9J3GgjArWCTfyoa3naEw
503,2e2e7WgqU1BnpxmQL5jbfw
504,hsM6PF4Of6RMNcQV_c-FVQ
505,tAmevVP8B7PiWxcJ0PlYVA
506,PtuDy0idqLd5hCLltlbcNw
507,vBit5A1ZfVhHebR0YvA06w
508,yt7Ymiru4YanpE0xzzDxrw
509,hGNAXbx9XUwau0j33tBXEg
510,hwGeGusgXv_iqrMk9tQfmw
511,2-M1_ok4NZ-fSF6SbBsp1A
512,W-UBevF6tFgX4WiA8PvdPA
513,U87W6T9vjwWnp28Zjnn4pQ
514,jiS9KmggI7h64pKr1lRlXQ
515,exNRVWeo9dBaIEyluD63DQ
516,DqY2VlbRuQ3Mu2mlxd4xUQ
517,seu8O6yPQ5Yz8kQv-KFnKQ
518,ptH216EFNFLvF32EN-9tmA
519,Y_Y91oeUrIwYa18F8ey5NQ
520,LxxmtHFNZ5S-MyhykoE4Sg
521,l_IzuOtYNN83H1BJnzmZ-g
522,YrJm6ddhEnUlAuCn-7scyA
523,wim-TKBRSGeLuzjj3SaOIQ
524,PaLJoYycupjosFKHTNzpHQ
525,5JlNfI1W_gvggW5-ZWk_JA
526,0IJWOuv6BT3HYo2V-SttcA
527,ZsYnffXije4IeUT_0wseNA
528,b6ZagkhPwEwQCDBB7KkVPA
529,AtoMSHZ-lO7kxHRBdioMtA
530,NkGQRN6ahwQoFEAlHq8NHg
531,wO8-zDOzX9afJi_gtW_Kug
532,aX3dNl6iDh4FaSw7-ipvQw
533,Jg5Dw1uQSy_emuQydIkjIw
534,RYZ08XAToBaN-bS5HHVEhQ
535,XGDhXnYByPxsWNrBnewu7A
536,iDVVyTPcZq1UCJSw_xpeWQ
537,9WcXRVLjNURGS24sP2GyrQ
538,98JCwqDtsGteVZey1cmULg
539,tirnCFwpur4bdtBizlUAnQ
540,FsvWk7dJzbCheSi-U2fIHQ
541,jGs5D_QUwDp_dNzj6YKEbA
542,Qhrke2YWPCMThp8lBVhAuw
543,i465es0BIx2RWbcBPbyqnw
544,aHGcljVZPA1PAOZdbMhuaA
545,CNxkXXv7NVkoLWjU7t4gwA
546,30STskTEofV3eEaDBfvuFQ
547,TfTlOE6h9E9o34dEkw9L_w
548,tzpQZDplONH7kMdR0HuWcQ
549,92Z2b94IO-ovEUmrkzarMQ
550,2qf-0qkDNh7r8iU0498htQ
551,iM27P2Dk1tVocQ9ai1FHMQ
552,jwJ9cbgf-u5FtTs7Rg1BZg
553,gvtwlFW29b92qcYUAH_v2w
554,bsEJKduEgoBhNNNHO4ZHEw
555,R2IWbpUgJQ3NRRjKQy6O_Q
556,9M84vDATmnnn1puRtR8crg
557,0Y3VWMpXoRKbvy9mjQ7wdw
558,e82oxZXxb8NCQRNCNmHCng
559,IW9yHeqnFCEbO5s1UCrqeA
560,oCA2OZcd_Jo_ggVmUx3WVw
561,o-0IU3bcuXnxflPo14cjUQ
562,ILsZjIibFtGHMDELeX610Q
563,TuuENwzxOFdDLY_oKCbFZw
564,AyvyWENKpPBOFnFFkZuAyQ
565,DGtOkc0KNTyK8rDkmsPNYw
566,iJo2rZOjhWevF-OXP-FQgQ
567,YKkCgQDZmkh4EnPQpCb2gQ
568,pVnUE5EeIaIbjXzaH7sLyw
569,dewq6aevfoNFvJBqM7PG5A
570,qt1L3A6TpSw_36uFsugUew
571,Rvd5fGybj83Brgm-S-QT1Q
572,chQMtE0iF9CHr8T-ahkrKQ
573,8Hn5X1AqgmSLHRG2KgBJBg
574,Crd82TFkF-cF5WF_qKuJ4A
575,nfpZPVQf7uqwq-ycIPajEA
576,iwH1w56ArxuOKNmSJgMiVA
577,lcq2CBlGdnVWzTDlrBAJ7w
578,O6MyV5uqwZabD5dKbT294Q
579,f2Iga3A59AFYwoeAvc3e6A
580,kfveMaYeaqGVNHPitT4O9w
581,-3xbryp44xhpN4BohxXDdQ
582,UFyNuxNcuoJ6peYZANEh5w
583,D7d-X4fLvVIdsCDFGpqzmg
584,eUbpbGBSe0oQneuAenPasw
585,79nn4az5hX3R8svk7ABbhw
586,F0ZXhPJD8yNS3xzTxsichg
587,YkFBelUWinftlweJzuiIAw
588,9JZzT2BMalNseFn11x5EIQ
589,GbI7f5CJtv5FtOnZ3yOasA
590,m4Vdae9cdx7bgr6bIjjbkw
591,e3izESeW0BUx0s96FdSLag
592,jHMg63e6JjbM_6cRoiw4qQ
593,_F_6tiqmQoAupzlhp-7M5Q
594,8TbIx8H3FufrHlYZH4IcWg
595,LfKPiwth-lGmCKTxlDoV9g
596,bwaj94niH8eOG5p31IKB6Q
597,KboziK_owTP22kiKp5oDOw
598,Ht8kHCVTKczkl4aAt46pYw
599,0H7ewZ656xM0bulSMowWtQ
600,bd2G9twGt2En6wlg2sAsmg
601,vGm5HVOg8M-I7lzAFLzrcg
602,F0CzNZrJuKfpFFHjVZbkdA
603,ZrxnXntC71qG7L0US1GVLA
604,UCid2Tas6K4SB9sHO9gQ8w
605,TisnIBR2lMvT1DMC95_eHg
606,CK6Vf3ii1Hj-4AlgbS6NJQ
607,ohxd8La86GdC_3vgwBWLHA
608,3xEB9FyFXolq1b_Qn_BFtg
609,PzQJMdqmvGftgFwitgU2oQ
610,FqzgT9Y-Yu7jiWdHnGW-kQ
611,NAkRjPhS4yCD5trp0dY-bQ
612,au4X4psU-hsWqpz8UR6Kyg
613,jo3UeCM3aYyES4_xkpWsxQ
614,DoDRDIA9FvRJ9Ujj1NpOwA
615,uYVdp5LfCbX8S8ytnhdk-g
616,tA2DT7CGQPzgA6tTcTkXDw
617,WOJU7788eEctbxdZwkqxWw
618,EQxbEKkHxNvRT_-S5A-Gcw
619,2sbdNj3oZEmJ61CmaQcGCQ
620,DmkTDze8ruJr6o2f5GAvJA
621,WvcDPv5Kk2xAKhmUoFx7TA
622,lBLVAVWerQD3RFKIqn0P6w
623,rhf8H7KZsMHRAprI5-D3sQ
624,VdVoKQmLbod_4qBLksKIBQ
625,oHjoahzL5F0m-OGDQouEGw
626,OedV_QX8aD7MeLqshhWkCQ
627,bUmUO3YWae75FRdUeCZnPg
628,OUxSIBfLLHe-jMH4GjB14w
629,xVsxFJlEQ_L-LoJU1U8A-A
630,qpptyM9Dfns3AW5E_lsu6Q
631,zDfs1Kyk8orFF8bRnSPx-A
632,-KF9RQPkmIOHfE0tzUu9bg
633,0x4NXJFSQRRUNONxINTjWQ
634,dKtbrGgg5fbl8MibhilP2A
635,QXnWy1Jk8VfmG4RDW9MqTg
636,yJj8GYCJdnbBsAT1rcB67w
637,gpCtDCSXIoQx70cq9itfNA
638,Vn8qcaX64fkl8vByCsSvIg
639,YgRP1Uv1W0fpIMbnWrDBkA
640,qcF6SHcGRML7gihfpNl_zA
641,cp39VURFby4A6u9m2It8jg
642,QTI8xdoE59kPXqx0PvOv9g
643,GEKcRNoBCISSKDS8531xmg
644,9Ywv51iCL_QSIGzFA6vqiQ
645,A6sZGAgYJJ7H8lohb-s61g
646,1u0JcvPFQz9TIYrT1GnEhw
647,LuGSxdxaFnSFadpNV6uxZQ
648,3Q7vtF_cdHGyp2JOlKcu-Q
649,RhoB2ScipRhp1LyggfdVwA
650,9r5YLKGTdQz_Q29cBifePQ
651,znBnrQNq1FdUt5aIGAbyuQ
652,TdNIQQcfslKjkey4-yAlKg
653,Vtx0VYkybAd71fzwgaoQ8g
654,_lDDgqKSwzYKNiCqdGQLHw
655,nnPrX9mNtV5jKpo2cMjPWQ
656,en2O4AiS0NDZ1AHgzYKzBA
657,VgLiSW1iGkpzIEXOgvUBEw
658,CE85IKRDS4GimIaoIp3N5A
659,HWg7VdgA0E75C31uzmpO_w
660,xzy1VOKGmn4QHmy6DWZ3PA
661,jR8B83Mf2vKMN_1BTHBs0g
662,mf17PmiZq4mfKWZPdJ6mRQ
663,IVc23uY-36WUNYoIbz42Fg
664,vSWEXsXmJw5ozuF4zqE9ng
665,2ceeU8e3nZjaPfGmLwh4kg
666,U7jOpLoLXYphWFqS6JO8mQ
667,F0u-X9aRLl8rz-L4uoaktg
668,mQfT3JYu18HN22DVylcE7A
669,xQULxRX75CGMzI-EYztCqQ
670,qsWxbgQwuomXvMseg23DGg
671,8IMEf_cj8KyTQojhNOyoPg
672,qXFJ6-sBLHTHU_yg00wlVg
673,9FWEGULkG2g4LDja71MrvA
674,Ldx4Qe_R7w3OlSx3E-z0aA
675,MLcXtnpzygZvQ9BtseLLlw
676,rwyKez8MVAsAjG_edvqBrw
677,YF6Z8PhNWN0ZR33hfvZRjg
678,_GOIj0h72Ji2u3vCt1untA
679,yPJFfglhMHAKciUpjTmgBg
680,rHtkiJVIT-AFexNcEQ1vYQ
681,J8Z90BG7gkFaaync8BQjHA
682,8-vIFHpyoJyFfuU58nUwVg
683,whJLVLRto7nVjmwk_XBV3g
684,OSlTIcDNSSt_83ciKwT1Xg
685,zgyAbIVPD5Vjcsn4EkKLKg
686,YZxA6w82eFJFntwqJLln6w
687,84T2HrgUxW8hEBhZZhM3Rw
688,xl2AuAUknN1ypJV7NPd66g
689,Pmcv0KUFTC98mXKyRbnzCA
690,XZWry6opFKs-BIwfpa_RWg
691,_mShxIt_9LoNW2VnNk3EZw
692,qy40Nr-xCumWo1r7SNhbYw
693,hMX4U1Ie3_PLCOQM2-BnDQ
694,kVaipyyM8UhIoBabsCT4GQ
695,gOfy0w9TvqIG2TY7taxySQ
696,PjBeWzCOCveiPuF-xqUaoQ
697,nFBse3YXN8CP1cDieyLz6A
698,kugSyxwoF8ijPqlwr7sQXg
699,vPJ4iCOSuxCxHPtb18gwWw
700,7jP94jaXfaz8bxcmXtYwpA
701,h5eI0jMUwWxTIQ8diNDt0A
702,-_0Dx-cEvnQ0w2mauUpyXA
703,qrjPKkSPzodIfP0kW1mtEw
704,jOuERtVf7QePnK9ZcdH5XA
705,NDAu_IhHaSs8AfYgfwcK3Q
706,aGbjLWzcrnEx2ZmMCFm3EA
707,5nahZe5bBYUbFWgEfwoNOA
708,VO13q-11lh7St1gd7JPI3Q
709,zruUQvFySeXyEd7_rQixBg
710,8xL3d7LGC-fxCxoVLN97Kw
711,xmtKVO7C7KYVqMBe2eQq3A
712,NXAb2_eZh5cMHbIKNf7hMQ
713,yTFdhqH9eLzaP05xXQa2rw
714,H7EdgWJrR_nBJGRDWP2FGA
715,dXhrxTIatUPskg7Jn12iXQ
716,31Ix66CdEqyiNJ77XuoXyw
717,qdDLtRi-OiZZKKSxyz_fzQ
718,fiSbGmzv57BPNDr8HL2wyA
719,rE2InW2Jmjy6hzH3p4Iyjw
720,1V8f3A7p3HV2r0BgAbqvaw
721,jfiWnT1G0Pzq1PtavVjZaQ
722,_wS-bbGfXSGFnFMfY5S3bA
723,ZNi59SPFF2GXSmRrk-f5Rw
724,cjjZt2oOkk0F152RkQMfQw
725,VwYyRgtF8jOMsPXANh9BWg
726,4CC4J_bepXOiWVS4CVN6NA
727,secsGLdQOaJPATB9SnHlew
728,AYF-t7Yge-3mn2StQiEXvg
729,I2_yeLfTzXHGwi8an0tL4w
730,uLJirdITHvQLKWIW6kKoWw
731,TKJ2qE4NQfTBvekYs7JkGg
732,XA-mMT47rFZNEllPBCYWQQ
733,laxWwc9bSsNVXR0EYW_VmA
734,KFyB0ueHjAfN4oadjKsTEw
735,BdsVOlCc_eSVH2-PwZ7H7g
736,leUPucGku3-2wN_kvx7bVA
737,qsThMZ3lXWYLN4t08ScsNA
738,-FK47t3X0ctRNSSmZeFFQA
739,JbJDlfcnYiyZRXeHQcAVjg
740,41zxbLn6HZQfME3uWbyM4A
741,Y_dzA9OHRKa0X1cqcRmsaw
742,CrlViaCIcMeQuZc63tbdQA
743,qkc9xYbOFDLhPyA6Kdr8lQ
744,bS2iENq-r03NA7HcON3ujg
745,DiDZqjm_ti1Kim-5BhHPfA
746,OoeTGTkxvSZqqicZ8ljJjw
747,NL8XblIxdTvpIO8ogdBLFw
748,cti7RxX1ZLiE8T3OnnQPyw
749,KS2w8ychyieJbUqRa6kCHw
750,KX2a8kX4nt2j7D5MqrGLtg
751,IyFBccpU5DlK2ZqZFhRoaw
752,KVvudcDpXPEx6SRTNSB9uQ
753,EnKI5w-x0_ZPAS_3QPYFtQ
754,jrJgVpJYhhQ9U1AZTBvnkA
755,szcPQs5JVAl3iDvRBpvghQ
756,8mcXktLkaY1pcEMhFuSo2w
757,_LYz2vdGyXsV-8b-_T47ag
758,DiEGst8EG0OjqsDdGAlo7w
759,UAQ-W80kKvb5ot2aXpWIIw
760,QJ4iodv1xkUYBSZ9y1MWVg
761,a2VGNi8tsKV2fgFXCU8uRg
762,FMzJJjpd4Pd311StIKkVKA
763,U8Uf7Fk7ukVCl9aRBvu1RA
764,e8zOZr3nMejZy4Ei9eCcaw
765,M_jMhKl-hsTIyQBIiAH_cA
766,BUpMSaHWxlWTgKTDIzz5Lw
767,vY-myFfdDYcJjTfFFQlf7w
768,VcaZryq9wXA7Uy8U_RTYhw
769,Y1sSdaeuicOzR87DIREinw
770,rXZ4ElYTXxkkTP3rnvD6KQ
771,eFA9dqXT5EA_TrMgbo03QQ
772,gnafBL9EZE1kn0xD7Yf3_w
773,rXQn6FNGO78zeY6Jc0og8Q
774,-wvryBujtHabx4jCW98eqQ
775,I_uPMXGwbB7qwz_ILPT1TA
776,bp_pR4yFDKGyJwQkrMFWQQ
777,CA85li9fWPikvXM-wT4vwA
778,vvMR0jgDoBA-g1XgZy8sEg
779,Mng1FUcW-xRSdsDkowQm2Q
780,HyfFenprdpIA4rmKu6DW3g
781,TsD1cUoAas0Lv0UtT9-sdQ
782,xfgwIpB-xeMpRCvltRIQAw
783,JyfJYQURfRuDvrWRlDDELw
784,EcHuaHD9IcoPEWNsU8vDTw
785,_AwvPzaNPGQ_QZSWgsfOiw
786,mHZXq1c6j1b5bKXTxKJ-pA
787,MljVwuO92Yjr7dKU1QlS8A
788,udmb-UuD3xoueQ55INQFRw
789,qKvkpUoDuYIwPNuldwzUtg
790,P25sdf5qPh-FlN_ar1EXhw
791,uCoNIQty4nPrhn_WHo110A
792,XVtVGp1yQUVxD44QoI_6iA
793,IM-9thHqQbBK5tX5MfTzBQ
794,vlxMPuG6LYJ-c0yjd6AW3A
795,LRuIY8JFqadCSYLo242MGg
796,DE8UVNCCpOE0vTAbGaMoeQ
797,VK54dQNl1VlwtDxjTocxhA
798,ApEvXLmsPMWsUVEfPkrmfg
799,KuQVzAzJZggFLi60OlBhmA
800,jvK2T3aoiKprAf5wf426hA
801,FxKXpNvGoyLmipYQFDf5aw
802,Zj2jZe7E0B2qE0cshQra2A
803,yFaSIDP8FZrEKXHrLchWfg
804,u8roVM7HO9Oiah2dNBHXrA
805,hf53hcZr4EjcF7GCCBx1Rw
806,3MIy-ca6QVtKWXNzerQxWw
807,xcm38ca6C5iZLK9kMuuVwg
808,wpUhxNougI56EpVp5zutfw
809,_F2DNPjsqgkAd50zuX8dYQ
810,A5MadrE5Dd_usQUEKmW5pg
811,9VqoZVN8iqf5UsMIwQkgDA
812,fkTUmXMEBdRWmT-dmARquQ
813,dec2TzjQ1skgmugHKJyLwQ
814,3gByPjJPMeTi1bKrvdNOdw
815,Zw-sWBbL3Z9zyZ0ri9UT_g
816,vhcxvOt4CiF8_NJz5kOHRg
817,mVHvmp6j7SoldZWXIsk0gg
818,SK04ABcwoEtvIZ3VOZccPw
819,TuHBLpdnc9OUP6UQvgShqA
820,PEFUYmqfqy93_xyCnSfGNg
821,lddbHJKgFvnVWabK-M8TPA
822,otfAAfmgL5dLvqf5e-QCsA
823,Fh6OndE60vzvyhCX1Wg7Aw
824,GsloNPG1ac1xqzLIdqiYzA
825,El_0LAdJ1R0-nL_lHzBT-g
826,GDzn6pU_pGpXc4kTLpR3BA
827,hBHkHYOk_E-6EgObC6MTdQ
828,12HB-MzELqhD4vrzsu_TYA
829,y44qpxWoCpGsFSEBw781-w
830,LHzVPddSPzMECho55zCf0Q
831,RfR5yc4j9coIPBuxRsOW8Q
832,UqZA_5PzHuvlUCxRmdpVEw
833,732Z5HGLEEBjAgXxfnuXlQ
834,AvFvVFAdCBMNUUV7Dty5sA
835,1OA1jo0GlK9sf68f00w8ZQ
836,EZkoSglbAjy1_WGlUQtvsg
837,xyTJYlbE_MLouK6rCou6zg
838,yIv8VEboEvZDslF1pr6S9g
839,kEC7OlpPnZRxCUyVwq7hig
840,zBacxYJdcxmJETelXMt9aw
841,8Fx-K9dIZz_buBZcEvkeRw
842,opikDGSxDcfZwYWbk7dKtw
843,w7SrsFV4FL04bhQr-B6-4w
844,Our6bzte5W1wlIeOu9luug
845,EmlgWjs1ZzZEpDjZCSPLmw
846,xx8DVj1NQfJR33B9e8t5vg
847,SuQE8pJKzCTDE9Zi-atXWw
848,QJV9AxLMwCV5qYCOpItDqw
849,Y606ZDAYwBug3CUwgHZQZA
850,gJp7Bg69fuOasm8oaMWBsQ
851,mY3l0hqy2aayUWRjIYpBVA
852,55zU0-0pzPot4aTaKVgLKQ
853,BqrTtox0JbG-P_DKBB5bBw
854,_7cs3oVau0UzryykHf3ahQ
855,Z_tRzLAADSPbsD9atgofzw
856,R_DtLFRb86piGYaam6daVA
857,UJnL0GygZpd-uUxeOUgPVQ
858,FBuNLiL2KILEQ9e8SbNWPw
859,PfJ17JQJKsX9KHHEkkr6iQ
860,H52LFxw13LBS6_ewxCwlfg
861,wYuPafwLYItJAHFVba9mVg
862,GH9msf27EzWgoNvH8c-1FQ
863,_PINIylE-HAtznOkeQ6OOw
864,jh3envcc9pXs_LuR43qQ3A
865,Pt5AYjhzoU93biVeVahLKw
866,zB7X7aj54c6OiDTgWtpqVQ
867,3rNsz7qxJTyyQPGUYGDmsg
868,fmuj7u1gflmEjW-h0v9bwg
869,iioGvrzYmoaIM7rsYIjR8g
870,10GBdcrKBSL1QFnkXWjfjQ
871,PWG28q4JFOc8FiRBjnfCkA
872,efsZLHcgEn7hKGB05B569Q
873,waW8k-4ebmByGUJtndmnJQ
874,6nH0DLfofTytTeZJSkprgw
875,sC58XGwsZowovN1CnKktOg
876,RO1fBofbml7ygeY2AiWFYg
877,ddC-2DXjwjRPZMK0dfsQFg
878,laXUQEKQ4kAO_V7lF2KvGg
879,bK4GEg5qOMJne_y3PatGJQ
880,OylLyOES8TXFqeSXpZmVRw
881,m3EKlucZuwnOazLrRfnWaQ
882,63oKTPacLDyd9D5XwmAlUA
883,T82cKFVduIINWbHrz2_YRg
884,CSoURupWEyuyzkjMOExKPg
885,_oBxfuBd2qDEWaYsdvP_dg
886,r5UCwy5gCwZKYgO6-yV-fA
887,KLRHYLnVch4x2bJXK9hmAQ
888,y9ANCAf_kXFnlRt4T6sKOA
889,WUHObuGlSSjg3Mh5VfaJ9g
890,IMGW6y8wHQCfr_6k-YXg_A
891,DzL4cUt5AVYRzzT7DHOgxg
892,q1ThXqm2zceQ35EnsYp-oQ
893,dS5qlJ6au0Wz9FwmbPSjYA
894,L2xegOESPgM-MpMNT5NJfA
895,xNmhVSujLo1kC9cgjOE-sw
896,OVuVPBSkCPCNCuc25Tn-Vw
897,NFyuexMKMc3aUVdJcg8a9A
898,w1zfhAZl0J16-ot-LhJHvg
899,lktu5JPDlQUG-7cV7gOzDQ
900,RqbSeoeqXTwts5pfhw7nJg
901,GYtdDHppbsCsfO64RvjbNQ
902,eeVoOZoa7huk09dfYga0eg
903,LzzlwFvAxv70zTWBCNs0aQ
904,OF7wkQXbhPLsM_otADEmeA
905,BQjGE1Z3nk253XzIZqt8Gg
906,St3jS0PnF1lulH1ggA4Jgw
907,iBYvoQ4lj35DYL24fYcmGQ
908,TpNz3nBaw4tEz_tnnxH-4A
909,6IRoWd6N__OVMNQfvu1Ccw
910,USyDC-cZCexcyNGrc8uiag
911,g9jX2oXQr8zrOQgynYnYjQ
912,sdpBEhzeDedh7SVe_OMpGg
913,1zE2M99PGgMrnvXteHTKcA
914,pb2JLaW5R9eYCkQNR_blww
915,2JZv-P1lDKOPKvefQlYDEQ
916,kyNHcuvg7Rl1gzrPFvZI6Q
917,zw2iJahOnSxlzmRlF4al6g
918,ahKN6wh6z2vZsd8C7AyG5A
919,DUDr1kuGv6eh1_s2GWJVgw
920,AtjsjFzalWqJ7S9DUFQ4bw
921,7Db8jAZywn6hdXuTHI1IgA
922,Hjo5B_MgC5iK-Onf7EJyhA
923,S5dQT1pbG93lcfyyAgqn7Q
924,Xk3inJcuBGLhavUcdlINZA
925,qqt3e3dk1Wr8-lhNJrvvXQ
926,c6sTwXAwIAgf2YQtA4ZWHg
927,3RPwSu6uANkE4M3hnB8E2g
928,oqL1hS934CyZc3msupQNRA
929,iwFGxwkDJQhPSI1Cj24QYQ
930,h8_TPl6PUmULl_71XzDllg
931,pwpl-rxwNRQdgqFz_-qMPg
932,vAmEaIWMCPrA0JUx3ZCEyQ
933,PiS3BsDZGPOjwktjckgIYA
934,Ia_yw3pa-qjJ6in5dVYHGw
935,SX2jlXA28czDXQBxQ2I0nA
936,q1L6bDk1jfh18Q4USMlnGw
937,brh2UFHRO0bFfq7KUTbQFA
938,wetCkf15H70FMjYwQ6s7Sg
939,V1nEpIRmEa1768oj_tuxeQ
940,WHq-tdPQ9-6WAgWwbUhgHg
941,Hd6Kh_BcorPhCWVn6pMu4Q
942,q-I1sEztfa2SMqi1iEszWA
943,t3biB9BlC201XRUNjG28rw
944,xmViOpr_XuqP36kFHyT3UQ
945,HD70O15LQOIohX0MoIt8RQ
946,d1HUWqI-ecOriRHb48OsPw
947,4MwbNHAVZ6aRE1FWks-HRQ
948,pWOoh8riDYNmB6a2Ejsw_A
949,-hI4yViTCj2xtTS6AID8IQ
950,JauLZ0TL3D3VIGtSnStzhA
951,pQSkGB3HIunzNn_vIRWUNQ
952,n0p8WRWAT5W6Ea3bcDJdqw
953,n_HvrTuGUgxXJM0yq39-0g
954,uPl9d1zCX7wQYP1EpqrwQQ
955,UigtwOB_B0Wba3yH4IK1AA
956,4IIalqwoIwN7tUkrp7iTrA
957,C-g_waStMwL_SYKk3Zq2tA
958,qB-qsaSnhbHCt18_AN4Quw
959,7h0-KtLbYH1gu6QBv_-jxg
960,-V44Z21fJclQb3NJRe-4dQ
961,EHl0KQYqZQQgBPpd3VgRug
962,uYf0LEYULK_E1eymdMEe0Q
963,dILQ1N215cBYHseT0x7WHg
964,2r8jGeuYvMkyP2ik_X-Bxw
965,DgOAOO10ibNDSX7S_7L1Ag
966,wfehmd8XHuptcoSQ64V9Mg
967,Pv__E1amE9nj_jOYrAoKXw
968,0G-zqtH6hRTu4uxRwA-Gpg
969,AAFYtR_fUTJ58VahACs-dg
970,b1aTHVkqCa4kZITbu9khtA
971,GfV-yzAH1dmLMFftgG36xg
972,ypxdw4etbusoInHOwwIjRw
973,MWlBLWYdPmrA2oUWmKRwJw
974,cE99Cjrj2YXSGs4MECb86w
975,smWlFMgNgfDm8ZUKGvx65A
976,mDU31M4xdY7IDux_LwBiPQ
977,gb-k4Z17XxuPkUmsevwBYg
978,ZHx2HHH9x1OmKB4R9Pm9Nw
979,QBJrNGuM7A8V3amEKBlpOw
980,yEcd-Tu1gHDu6mruYkpVqg
981,4dB7kQ7qtTkW2v7DX38r_w
982,RKL6We2fXOelLPnkixOOWw
983,IZv6MPN3mHS_yr7h5GhYEg
984,8D53RjbrEE3AUjnUpZ0TVg
985,1GYjuEYlbaQzEaCBKGirJg
986,Shl6PtJERnowSJSC4IHbYQ
987,Cvfi5N4zR9G05Pbg-Ud-KQ
988,VITfBcUDd5Gigq8H1MU8Hg
989,LzNJLEIo4gh-X_rmDkNkNg
990,iLODjOOpTExF69CdGPkuuA
991,I4gmp-5ijxKmkiALRUiZBA
992,WPb7XVDX_so2Qkq1dAB4xw
993,zgCwHvZ7eHDd6A6hkkTcSQ
994,etYqrJTCE2_yMxhqdnGd0A
995,SM3EGMqG1MN1kYVGIXLx4Q
996,cEf-MFkK74eF7juqGCRwAQ
997,muCl5p-9ut1sY0aKeUeRhw
998,KF54eSzHe6VO8Cqa3uhThw
999,8YN0_08op4_chO3GTOUJLQ
1000,_UsqOvmgoNzb_0xWpzwZBg
1001,wftoNIA0Q8nX-Da47psBCA
1002,eeFOXbXG7hSQi1ETNeJ1ZQ
1003,vzfW1a3gaIRkwfvAcwveZg
1004,35uDzLpJlbSztgkJLtg1kw
1005,0UZ31UTcOLRKuqPqPe-VBA
1006,KkPvAdg52Ct0UEFBhoQvdA
1007,MflKZcZmslSaNBODkhtIhQ
1008,-EctXOb3B7T177jGYUhjVA
1009,RFqDK2b5mpasIuAzDoDdDg
1010,CRowuM53GcsaFQrVMwMNfw
1011,HzQ2B6p8OuHOtYnXPqvd8w
1012,hHE4OHAc8dONTV8QsGLbWg
1013,YHuuPfxEPRokVbf4wVUscg
1014,Co_YA9f1xC4D7e9lz8dUUQ
1015,MRkqnl2Kp2pTg8IIkoZDGw
1016,NcAI7SE1SNlrOEfFg9Wzuw
1017,7JZ29DY1lQ0DZVu5zHEleQ
1018,8H1DwdAAgSBtwDeb2R-hmA
1019,SusbeBODKBldIQdrmKFslQ
1020,45puCRQ6Vh_IIAy7kkfFDQ
1021,pEYJpTbqCQLtSH_l91GbMg
1022,hcfmPMH8-5ZI85R6dztehA
1023,6WKaQHI8zTeMQEC1qARaMQ
1024,6yuY73ycyyPiIG3zWkXqPQ
1025,EFCvuMgTXsLnd7eGkKsivA
1026,kmFMrc9klTQwZmjsSUgedg
1027,Nu0_tUBN6R9Oc-YsLVFNJg
1028,MWkIQNT5ewKwMfKbixgb6Q
1029,qTx2IZG66_B2US3L_4TnDA
1030,-k_BRFRckV7XnU76G_vK1w
1031,WWqkREJ9FuAPU6ZPTevTsw
1032,mJfIIl-i3NYiIR9Gzs48LQ
1033,t3pLGIbJxooejiMO5EV1bg
1034,FOKF8RiKsVEM1mR5L25yPA
1035,6st0CO6NYaC2mG3DSy1j6A
1036,YxIBMBPPvlhfNNIp7l4K5w
1037,D10bgCdSqM-pjoHUBO-dNg
1038,Idl2rMYaFuXYLd2vlysxiQ
1039,KvkUJ1ZFp7GDe9BBmlwf_Q
1040,3uGQDrswQnDTns4ov0Ae3A
1041,MLPEpxih9E8NySHbM0FSWQ
1042,Eq7nL5jKBog8llut8i292A
1043,RbMQbzxXAbrcABVxjyr87w
1044,-P9whaFzIfx6bH1aC26mkQ
1045,1zXOyqvXGIf-S7vUhNk0pg
1046,h762dZ33uhSKtLZ-21u6Jg
1047,6dqDSEMDqTA-wNOdWtshUQ
1048,LC7BFWxUM6CxMMKDMkoSYg
1049,uov-UZBQLxzyIL15anzRww
1050,npfVfumxVAkQNYpY1fSvew
1051,GM-tBU13kg1q-SODTFDpig
1052,u7-9OD_9qc6PDYlMk0-VcA
1053,Oq3JpmsRsNVKbwKScAP-nw
1054,CGYOPcYTfwXFu-Sn0MsgGQ
1055,Ng0p9i3V64QuFfCHC2jVcg
1056,FeI75xIG8PF_XZ6P80gLBQ
1057,PGH5N9zJc33RPy0QpNS9GQ
1058,0zjzaE5tCH86JnPZwDpfaw
1059,eTbtfgUtfewdncgVf2CbWw
1060,PEHJjxdw11TGFma9Zhz3ng
1061,strMzTo9IsGhUVBkcB73jw
1062,UnD73J4jEBvi9z5UieFIjg
1063,aYEs_eXqnV8Ifj3Bp0bHwQ
1064,wepFVY82q_tuDzG6lQjHWw
1065,teifdsiAtxv7Vf1SmokvvA
1066,pLCRUdm0YGfRL3lR9PSkcA
1067,PZ4e4vDjzthBlOb4GphTwQ
1068,izC5gOJgvqDtgWQor07tnQ
1069,YeKK0Re1_YJX5ZnZDWxzvA
1070,drqCrnSqtGffJ1z60aWkxg
1071,z-JPAxanvovXIpz9FtD0LQ
1072,EMuUOIrtNJsPmNc8uudyoA
1073,mPDE4dMqAyLZNCR-tEYQ5w
1074,LeAgEbLgBw8EfLVfsSSjkA
1075,obp9GWaEnTplW3YxhdexGQ
1076,QgFlkWtQcmVS_hvF0w-nQQ
1077,Y-9dJvw-J2d9QKfuL7mKgA
1078,oOrqgxKCNuPwF3mlTBmgZw
1079,PpPKiJjHap8hn4252v1awA
1080,ub0UsaBwSTyy-HuVWLUIsg
1081,tvyOw9dBJ-ds5fEXMTjzfQ
1082,XC9Z7nHuJPnghOzsTdCujw
1083,7srDFwPPnzBaQoPW55Dc8Q
1084,Nw8lWJRGybAsciao9h-R2Q
1085,fSs0EdKmLJ7VULejtsi9CQ
1086,feAhN6tlflC-DcjBWxmOHg
1087,ATnqWRvN4OUK97M_68Ipxw
1088,0wGWhZw81cIG7YjwghZhgw
1089,-yzl8Zm-MmSqx31VN7vB0Q
1090,2v_eqECNNY1MS4DHjpj3FA
1091,tqp42quHT1S_tgXQRXBx5w
1092,ssmiBFaHbH_k97GsuQCOIw
1093,XYJsNiECY0Z-fV6rejvprQ
1094,pAHUC05ceak48e745i6G4g
1095,KSVWvntSm8VaLK6ljWsuoA
1096,AIN4FSq5ZM4Il5BzXzMNXg
1097,2G-I9lROOVwkIkBSE8iVZg
1098,TGb6D6zmx1KP4aDDH5Aihw
1099,xq1Ln_tXNjpbEBeU-UmAlw
1100,3UsoXpGO0Enox-WgGzt8Tw
1101,eRRyfI6QVvSviirRF8UGzQ
1102,wXMX8t4EydO9Xeb4UefkcQ
1103,j7_lgtKqdtNCzf-Jk9jyrA
1104,3eD46byrm9HE01MCTdrA2A
1105,nvuw2UgZV-Y-WEmHOaLRkg
1106,iQINCjBo7FtsLSHiZw2nQg
1107,IaUXrUfy2iYrR6dHgvTpUg
1108,6LM_Klmp3hOP0JmsMCKRqQ
1109,PiA6iGArMkzNGxpqu48NTQ
1110,Rcbx2PVXpY1SVGukg9GDwQ
1111,UdKEeSbaLaGrEncZjKfr7Q
1112,CR4rAbV2-3Or0Z-Qb6bQsQ
1113,IwShjaQLAvqV2msU4bh3ww
1114,-1NcH1ArxlnMncpLzu7kFQ
1115,AqH7DtECbh1KaolztsNh1g
1116,8oqcpmXrymQ1RRMK12S7QA
1117,m9haUi2_1lHR2eAKBhKwDg
1118,6t6D-6Y3MZXW-ASFnestMQ
1119,21ZKuOC0o8vZglDeR41QLQ
1120,NFOmAcZ7UFKmeamktDyt2w
1121,8Jg4S5r79dh0l3rIbpVBcg
1122,pU88U9_yEUVfpox30VBWPg
1123,53i-uJ--nZ7Oz1MycKymLQ
1124,7DzkPXjcWXKHy66Ki7idtw
1125,jgbEZzERVI4yvAAtXWW93A
1126,-ngCkZKN96SsDktdrw58Ng
1127,A3UmvZpEIgegEmdFjCRo_w
1128,qUHGkXXl7_f5SHkKJVwOcw
1129,IRBkVErlqhKMeNCxRgjRQw
1130,DFwNc1whtc-R2j5z6ffzRw
1131,8yxuxxKHRtyIzwE4cIVRiA
1132,opvBavoTDGUwnyP8JzkyQg
1133,5WRpxAc9lvonVGfuX34hlw
1134,JtvwIwSl6rXVKacqP8avyw
1135,K4vvFvG89phjiFHhV8grsw
1136,Vm9GQUptdZmBM9R7tZ9_Tg
1137,_UwTT26cCBa6QA5tpue3Rw
1138,BW1JCE3Qj4uIokg7kLUL7w
1139,nY3RKF41-pT0Ha0WUlQQ6A
1140,G4ZI3Kt0KTMMt4jIhCYbuQ
1141,ba4N6yPjItseq4POVMwxYA
1142,UrdORu3JGxLEnypvUX0xxA
1143,Xf4tL5KAtoGoQ_TDSzMTrw
1144,R0t7XO28y_kqDa_m3dUnvA
1145,DkSFrA_iU97PmBdjLnIwqA
1146,4sTUCAAzenGzgG2w7ry1zQ
1147,U97cOaXPSOGmVhKEomPjlg
1148,wndLfeIcNttkK9jHpF6fsg
1149,tWEYt-sTRGHEaV8l27I14w
1150,fUdr6QMsrBGOYpxS6Dcjdg
1151,Emdq2gs-xyTWTPbCbAk79w
1152,lPAHpSIc2MvY06bWxrFRiw
1153,W010P4plDADjo2SFq3OvXA
1154,DoLjiU_CSHcKFkofAsUg8A
1155,97Z7j4vH0kfzL10AONi4uA
1156,CwydTHEDS50_Akr8BdcAwQ
1157,vWnlScr9y2F6_ctDJZ6XLg
1158,-82c7zhoPBc1F8XQjhzaTw
1159,QWM4xfjd4WCx_Ci2UG-i3A
1160,A71fIjJHDvnOFYeL_Jkv7A
1161,84bLhe1aibxNmogtqSO4rA
1162,EjPj4rDevWgVlTd7avuQmg
1163,slBLrfkdIJ_3NKN-ZaW4aQ
1164,hoJfpvsj-hQfU7MM5_Eafg
1165,NfdZgoNTGsfth9MS8Qaurg
1166,RUt5fjjotgw19kaQ7XiUPw
1167,qAORECtABjr_FsvSzy1apw
1168,UimUu5Q1m2mYEmAvreZQig
1169,4EeLblEpJc2VeBowa94YPQ
1170,008fyQR7HVmsaZHrrZWuLQ
1171,ateowLnq6kpgNNWHzCDByQ
1172,njd_x0C4UlO7HWvsOmg8yw
1173,l2rEBS7iKgIteBe0KgB5Ng
1174,BPgF1ZKGForn6kTjqO1rig
1175,_9BqmRowpWfy4wDPXLSDHA
1176,bfWpJH1kXf8jeD39IkDtUQ
1177,mXk7cxR0OeZESz8S2q18Jw
1178,3W3e6nbSxePT4ctJGkljZQ
1179,NtmLlKfCFfM0K5j6WWKxQA
1180,dGU0ilZq3VhfIo9icKFpLw
1181,iR535TnJtX9aC5mp6vYprw
1182,g_xxHSr7uglGfd9tXfyHkA
1183,wP5849J1DKB2KS3M6UwOAg
1184,0olo0HL3MRWQVYw0UjlK0w
1185,SSOCVuB-KuTOv1A0TIyttQ
1186,yC6OzkWd3bzHfcMZm7WpWQ
1187,FZ4NtNg5tJV10wVEcmvGKw
1188,BLgkoO4MKq00V2o9jOf5zw
1189,Hs_N9FLF8RDCe0tHiZKXhw
1190,K13dEvg4uimGQ1OcE5vGZA
1191,3YrW77yHkp3JIyTGYCS_Nw
1192,UrnRSzly4onGLUzZQrbT0A
1193,nInabwjYRoTe8nc6X_dYkg
1194,ESlu79Th0bWSPqtPh5rWHA
1195,BpG--fsVunmMtPQub5D3UQ
1196,AFx48YCp7n7dn-AXp71zAw
1197,JZWCBnrqU27DF8SOQq5yrw
1198,65EJzWvIUnE1YwpfW6Jl1Q
1199,vT12uXtdBQ10_lUcl-M40w
1200,zfY68t7nVihCwiCsCgM6cw
1201,tc1w6LZUUB9gRMmKYzkIjQ
1202,3SlKa69UVN8KKYYPtlz1ew
1203,FCJHirFzEtj4M1VcuaKieg
1204,z-SoOQCr5WEMYTba-H0yJg
1205,KcSJUq1kwO8awZRMS6Q49g
1206,UBHENdQcmWBG3vnjz6OdMw
1207,_3fswReXCBK1Fidkll5Piw
1208,jTcLbRCOCnGB4wCgsIYswg
1209,NC1xlLH-6If4PraDPQaHOQ
1210,Zf7fMSe7yuW727JyikdBsg
1211,i213sY5rhkfCO8cD-FPr1A
1212,6c78YvZnyHi94linok3NZg
1213,uEZWVN-ehk_XyDh0Dujh0w
1214,45CkLZEIYK4KLDAb5GvxEg
1215,6QQ1qO4X9NBBsrq4tYb5dQ
1216,fikT0uXLoFBy5FJGHBvtTg
1217,TK_lMcyHcIo_LDhrldUMcg
1218,hk6PRWuViAuP-BV9bh-IQQ
1219,QNAH_yX7VZj-dQRwDKxsrQ
1220,5o5MLNPmAeakGgdqeGyMvw
1221,7puMNxw4nDPOFuX__FJBjw
1222,eiKbSyHojL6H487z0w9vzQ
1223,Xa4ve9LtlNCsfhOVsz9LpA
1224,j9NvcEFk3V1LWnEQkcWKYg
1225,fhMSRMGA_b8FcjupVTkgOQ
1226,2e1jzfiHFGCRpV66gYNVbA
1227,nQ6GwkLZ9R13ejIaqZb7HQ
1228,5_tsOGJQDDl9iKOr8K79Rw
1229,phLuEM-Eyh9R0BqHY1iRMw
1230,83DsSlg-swjLzmZnUzq2UA
1231,eHcQzL5eebqvKrLW5q283w
1232,tbTc7094zwIYAtU-0NkU4w
1233,GCs6-N-8CalT4L2_nNas7A
1234,eNs0zMFgBWWqWipaMiIJhQ
1235,SLO-pJBGR_79SaD1v62JHQ
1236,LTNKWxj4CzVVhhHFhGwa1Q
1237,-JOzG7bIWS2mkdu_mwu8hw
1238,qNoNkF1yJctEs3t40VkX4w
1239,E0DwaRvT_QlMwBU679xSCA
1240,ljA_tmsSz4DdvZhad-8OzQ
1241,MN0OLvP8i0SirMJ7AMuMzA
1242,QdOkUmJPf3GmNsKd366LkQ
1243,3yF_oEqKpLwIf4orDh3_Zw
1244,IBrQEBb6_MFtCEiulodXeg
1245,Jomz46o-5agb5UzLlQNjbA
1246,X3icXUyW9vS4UXY6V_MR4w
1247,hAgtic2abji61215w8_OVw
1248,C-j3qKYqrrs8CrWz01AmXA
1249,opfcusUaTCZQKPSgt0_fMA
1250,JxVGJ9Nly2FFIs_WpJvkug
1251,dYZ9YiA1JYlFoul-yorXSQ
1252,By_GCpCBPCXMQkEBR4hymQ
1253,w29d_3Ua0_JlOaAk89Sr2w
1254,fPExBO1aXA5c4uwlHFyx2Q
1255,kRzIIXIrin3n2xE2JQxEKw
1256,f9xITzdfPbqQUoBxmSNymQ
1257,mZBCQ9l6XKjyHi14mPjZFQ
1258,ORLTCEgKfdxMuGPhIc1O9Q
1259,OVGVoTpvHGL3GgtXtzHMBg
1260,DScAYRPPKaqt1NBkCbibHg
1261,zht8__JJoxkozBhf_vuKYg
1262,GDmue1oJaem9ilywDtA4_A
1263,w4gafqTSIkBjqPufGEEh6Q
1264,tV97OH1LK00kUcX0Jig-sQ
1265,5BDkSLG5ccsTB0ZpinD6GQ
1266,9BH18avE46LlHMvJn67MaA
1267,TV8vMA0vCamyiDezs40AkQ
1268,V7DgQSCAczA4pt5B2siClg
1269,bSrl0gA6QS4oBcfTlQEjRw
1270,kjNQIbcVxCcZJFpTUYvE9w
1271,gYN9Wp2yivX6gNhgg2l8_Q
1272,IMeOq_2Mt1B8RDjfKES3Mg
1273,tXydHtnQ2sU37kXy30CBLw
1274,-sBSht_90D1mekOFeS2ffg
1275,C6BAs5y5FnaUg56t0WA7dw
1276,IKDPP8onhaxbM12drBWCKQ
1277,gXrOoqHL_VDpOzli_DG1VA
1278,n-Q7d10K0h6PyNewmiHLyg
1279,amIe423ow1l6fH-wW93JYA
1280,72ngj2ky908bsW9Ae40R0A
1281,0DjCrCskspKmh6GC9S4sww
1282,BZbW0vha5fg4qTfwHMnYjw
1283,JFoEf0Kn5GgFIKvAB7DQ3A
1284,lJVJqRIQ4g0GP1-H4__TfQ
1285,O7fXh4ODsi--5LmJKTHn2g
1286,eQZh_YnG36SvA461oOHw_A
1287,lmlyidP4_pCxA8jUGADbfA
1288,WeibALgHYelRsdOQ2Dr2Lw
1289,RGDyf8-PyzyS9Lzs9bkvgA
1290,Bc4DoKgrKCtCuN-0O5He3A
1291,0NcJFzS3TjO16aA0TUiOrQ
1292,PuHucejs4LG3hSXnrwi9-g
1293,EfXg0Bnv4RAbP4xfgxSiiw
1294,h8rqIokh6EkM4flR9CjxbA
1295,gfamsLvfcxwJ8cS1i7WCJg
1296,tLLz1fzVjG84LF-mv9hAEw
1297,uRFN1CH9l9JVMkpq6Bai6A
1298,qfDYECGmZmc4ofVpXNyFJQ
1299,dQQ4wVKoGZGpqo_SAxz_NQ
1300,SgSv46U_dBf7qbPZy6h0aw
1301,MfQWzjADewehBJaK4oGj3g
1302,Y6Qsu0EYDFtOOtxdYf51Pw
1303,f9WU18QfVnUSuYbkQx5iIw
1304,Z5Nu5ToWoLciEsprDgspjw
1305,qJjPXyGCBDzKcj4bahQraA
1306,leg0kbfxBVksdt7qf5gXPg
1307,2Z_gGlk9i57zAed7MBbmRA
1308,40xXIs_WIOvrhtbS7QJ1ZQ
1309,Es300Ys1XXPYg8aI7BKVYQ
1310,JWVDSCcMqcs2zd4X4Cav-w
1311,AuGGWt7dV11fRBl_LPQGwg
1312,d3CI5DJIodfp7tjGE6Kupg
1313,PgW0nbRbHZDsMSdVEf_JRQ
1314,yPibH0T8M3EbM550S9LSHQ
1315,zORdAIouXrGO1yU4sIMweg
1316,qgOkhF0nJ53VAuiTSBMnjg
1317,vPBce_OnaL4ICwpeVvcc-A
1318,17SERT_RRNDqPrf418OQvQ
1319,Ax11wyp-FudujeU9nejQbw
1320,IoFggnoj1P4EcmNEP2K6Ng
1321,fZVZeZJkziJ7B1rIcmT3Iw
1322,YBftkbXRwi-CB6zlAAk5DA
1323,cOUS79i4vltKIc_hy4OZBg
1324,jQt1xMibtitBczJN6LXT1Q
1325,co8rv2zfOhMXc_TlEI9VrA
1326,Pq91OM8RI_Rcr6PpXQajsw
1327,_ZyFytyHTuYJoZgwj7yitQ
1328,yHggM25XHPJdch3d5VLdyQ
1329,v11wtoKy5sKLAdi8355MKA
1330,4sW8Z6NLXLRkruSKSKUEUw
1331,JSURpnFu8jy4etZ_My4Erw
1332,Y-PnvV-q4HYLIy19ubVmXQ
1333,Hzd20nEBE7i-Dxd8Qg85cA
1334,ATPpSwo9LO03wcBUAVhrjQ
1335,ZLBDopAGQgVMt6PZ1INcXA
1336,41t-hpClH6k5ZlK39Q3WIQ
1337,Poir4ntEii1kyDQDESonzw
1338,0lEp4vISRmOXa8Xz2pWhbw
1339,Uke8Pq1m918WW0n0_jEmWw
1340,f3EcPjqKftEznBSs2oQVRg
1341,SKTJU4rBvzezzXK3mWOpew
1342,vI6RyqcbdlOIHOnUv9XInw
1343,bxEd1ust_wI0Br-HLnEy0Q
1344,0xgZNzSpKJgrZTDH7e6DfQ
1345,5T16MywKHhAJtNSp_MztqQ
1346,7Y7p1NHDj0iGQN7IbBp5jw
1347,xNyzDVbUCS3RJIh1bN1BXA
1348,eFK2QePKvAowH-uX-0V4hQ
1349,ripCiWZ0MblMZSLrIKQAKA
1350,4wcDUnb2y2fW8sSzFd8EaQ
1351,4tOxPT_PpHq2LtZAulyAJw
1352,o0J3yg99FRnJv-lXAdwg8g
1353,WZNU4bQJJHr3p4SjnjVrkg
1354,Jao9diwbskr2tcvfPx5RDw
1355,EwDKWWLf0a1oW5EJ_ULhGQ
1356,4V20KwXSSWz7A2OuiixVww
1357,0VxCs7cxxExvp4Ay-TDfkg
1358,4Y9-JiDz9EVR_-UkUv4dYg
1359,tfVKzEDu8XYyP8KO1dsNvQ
1360,cBpJIOrVXotDI0XAZH_k0g
1361,FnnFRtFspFx0dPjlwS_zbQ
1362,Shn1EcWqqjRlDp-92D43gA
1363,gFJtzwGmDTABRwL2F8GsSw
1364,bkm38p8gjvYqzNROj3oYrQ
1365,1NarMOcLeTcMY8TOUew_zA
1366,q-G7FT5iJsSdhcGFCX10uw
1367,K6GtF1UpU49Oe3JhCtLuwg
1368,gRGR8p5pCFT9Pho4VXcMDg
1369,V0-5Dja5_jYFUbx2S1WaEA
1370,KwGQqUCpHHhOhVqyOL2QTA
1371,BvacFV7Wr_dUlz3M5-aJ5w
1372,R4mr0sYATMaYHBLDKiglEQ
1373,QxHM7gQ7RcRHjnmr63xQnQ
1374,ioGIaoswvbbeY8P965IYRA
1375,RRF7KrSLVK19P8UsLXBhzg
1376,dNAyji6q-uZcnFByNzZ_2g
1377,kMugPCLZw8-NJCdBEo-wjw
1378,O4ezPAZ9NLUYnigDekjz-Q
1379,Shy4HqmyEewCLvq7Ub3Whg
1380,7Mt6-AskiOy9F6-K7SFuPA
1381,uBoVT_8JQcrOhJ4knCpofQ
1382,UZbkczu-KJour2Hgt_5WWw
1383,jsJxRLGm8zjWm_HVR2FDnw
1384,4oBF6f3NiCYF5VYd8WaELw
1385,6ZYt8IChJmH3Ra5IqnlivA
1386,P2GmH6-8wsPXSfu3VoYxSg
1387,hAcXswPD1DTlPrkmQgcd9A
1388,O_5RlNmiyBRzwGZAwfsZFA
1389,tpJjVxyor9OOQfYgvAtdRA
1390,rOcDWJIvQUbz0_GrWkto5Q
1391,quTfQqyiBnXL5ewvzDKueQ
1392,uS2T2BMt7_EE7mhM3m3I7w
1393,gs-3cqCnK_R4R_ApBaRhYw
1394,XeYXXSN0cv8-YiqG3ozDZQ
1395,rlrc_AQC4Wn-_GKuzmrfGQ
1396,cXtL3_ksBsr6uZy0fp-TDg
1397,Y9e3DMJexlctd9pAudL-5A
1398,JM6X0PJBcMkAjOuZqMaZsQ
1399,xLW5QeWGrBMWSOLAmuCQZw
1400,pzknmlIv7BLZurzglS-lng
1401,OWwc7mZG8wwjNV5KWHtJbg
1402,A8Khz3eeqIFFGaXurg3hxw
1403,-0ZDRoepf3gwd9fpsw1bRQ
1404,iXA8Y2bzvZo8MjALfZxrIg
1405,5nTvNRLnpeFKd6r0X2af3w
1406,r-hNrPck_K24Yrvuekrdaw
1407,NeUf9FyCCIN4MEseNyqkXQ
1408,PFlNoWSOBIaNzrfyJW4OkA
1409,XTIIAZspxssIF7WenlXmrA
1410,3vKhV2ELR2hmwlnoNqYWaA
1411,TBByB05sSZZb4vyGCt6Uuw
1412,1dk07edqr5_7goS6AnXAjw
1413,NrmjX7lp8LfqdJSd83P9-Q
1414,UjbPHhzyJySPyuqekR73Lw
1415,mp9hMnOobCLNB_iR4sqm_w
1416,RvrwLdirQ5w27dk3qkX2JA
1417,t6SuvEq9PPVGzNv5bJzDtw
1418,08OcGan0xiT6I_oJ2loLMA
1419,g9wXX_hmBJBhxD57oVOnaA
1420,145SQ_msdQ1yo7J0E63VoA
1421,Dooda2PCyeT-vl3ABLxO4Q
1422,PLgclJqCLffQfMov6wb8-g
1423,wRWakw2wXmMEAe9FW9w1Pg
1424,i14bgR6hVw36EkNG_Ct8Eg
1425,Q0AADLgsYi1sFDk8jtMYUw
1426,o48vnRv_7d4z4wIk3s-5MA
1427,WB_M09Gk4YjhoaxL5tYNEg
1428,d-_ZMeph2MIsCOEhKCkTbA
1429,Y8IPAA9olX_u3XpikLxzbg
1430,r70nuDpkR5-g1oShW2ANvA
1431,xw_dKOvuKiX65fznwvqXeg
1432,qmRIjwkeHjrLFvV9er5vEA
1433,Txg5Xo0njHL3-raZTqCNTw
1434,U4NmHKsVwbnM9lOXaGXGqw
1435,TWv8GCM-sZ3BtU5LRoc3Ag
1436,zAoFrUwRVdSrvYWNB5e5Jw
1437,JMocUL7GB2lf-QEZEtb9zA
1438,dfOFgjhuEp5GdHJhVzjOAA
1439,ieYiud3trM-9e7E8YUhK0g
1440,69c7z9ySnlqV87tITDGENA
1441,2GfE4Ur-ddm3q_WNbtqgow
1442,nlfCBP3IPVHb8I0yW95ppA
1443,CV4DDFG6tII-ehzaWPXK4g
1444,EYpdx3Lu-XZ5xs0Sj-VaXQ
1445,KVYSUfN89b-nih-_9HhF6g
1446,Trar_9cFAj6wXiXfKfEqZA
1447,S8r_P11enD5q5Fv5JQ5L-A
1448,L9UYbtAUOcfTgZFimehlXw
1449,7UStzgu75kpOKBoc2JnmVw
1450,0rBgNB2FKdIEKgNtiRa6Xw
1451,NCVmm5-crBCYCzNumZ90FA
1452,Dr-7NM4P1SEN4j1z72vSZA
1453,DUdBbrvqfaqUe9GYKmYNtA
1454,EDJCvbklEbHU1e1sOfBreg
1455,z1Np8_oQECKWGCwJJ8864w
1456,iN0HhYwuF5BhGDDqUPKitQ
1457,aidjBZ-cLeRmrsAPM6ZkcA
1458,4YfXP-NxQXntqi0qAknU5g
1459,L4wWnOQM5HAjj7Tjh_Nh6Q
1460,_Qmbgb_43PtHyA2cN8YZ2A
1461,2e3v5rl80j4pI3L2135xYg
1462,5fu41tfqTU_LONb95t1Dkg
1463,QYSBBLmZi-Cuw0sWzxgVVg
1464,TO25Nx51dm4KOFjI4BNgYg
1465,hfUdBRgTTPTR4s4MOqux8Q
1466,nhPdxY-jbf-XVQ6Hq6qJPw
1467,r-a-Cn9hxdEnYTtVTB5bMQ
1468,OwJofdBBMCUhGSltd_Cngg
1469,voHJIbWq-lRjWpv1hlSWig
1470,j_3KufSCgZE0fOYjJ7ZCNQ
1471,UpYva_zhJ6pRGfdTruIYIg
1472,mxGBCkPQit7MEQN7EgnI0Q
1473,jk8FdDLywUHdjXldS8vtAQ
1474,ud94l5Yt1bregMm170LE5w
1475,mo-zc81Q52d-iz5Put3zzw
1476,8c5wJ8VmsPR-QJwFigIddw
1477,0gQrhOYWdO0XVZEKtOrvaA
1478,7wStXvgfzeY0IqRiAgttpA
1479,YmLrUkS1pwhNJOeBVMe-yg
1480,wXKNBXkSlJsRz5ONFnEp6Q
1481,OMxNuGJsC0HlooL58tZDJA
1482,JpG6MIGZkHq9smED_OdWrQ
1483,78IaYCf9ktUep4UhhjXbTg
1484,pCSbslNkq0fL5ZZ3RhUZMw
1485,PYoX0egYxyTwVKZGzOUKng
1486,FHA2j4ESBkgGe3NvOql4qQ
1487,KNIw6kwf8LZkrS1lEnaLiw
1488,EYRglSXhfgRsA6UWpfJh0w
1489,wBoIluN6rXm4-ucYL2Z6gA
1490,t2QVqqi4Mjf4y1uigc9Npg
1491,n6oNY8L8iEWkRksJkmwCqg
1492,YGH3QjeDTLOsUk5xUH8w8A
1493,Qq90BiOx_FWRUDq6afvghw
1494,fnIWayvlfQzkimL8ibTIlw
1495,n8aEflHJYlK_c7yy8xkwpQ
1496,R3V_yijAqotBgrD4QImMjw
1497,7tBTVnqmb_RcRzgf_IAvDA
1498,vwZ15OkVO6PemAe87k0M-Q
1499,9pBW2iFKYtjMLHs9cqCxLw
1500,Xt6_F8b6VfSm4fESkfxaVg
1501,HnuB7LkbLbM8UK8i08p8Zw
1502,G0nUhYF2q4tnoOPwCjXLig
1503,WmUcv3Pvoc1DyhE_HMNPKw
1504,rZohVVNIbQU2C73MTNTBxg
1505,9tz3frgecLUzHSFzZ540Sg
1506,kNGWOprBFnteCQUGpLnM8A
1507,aRSfth72sJgpSN2P6rm7sQ
1508,4AHB3TMnXCfFSUsP7A5S_w
1509,FkXmvdpccuMFfNI6zgmXEA
1510,MEKk3J63dU3GBDg9SHuq7A
1511,rG_8t33D2ADcbBqcXqwV0Q
1512,VSPuvNSDUvlTl670lVAkkw
1513,s9XNBJAZ3ZcNW5u8BRZXuw
1514,hODaBUYzv0AbApej_bfZ-w
1515,ravINrZil-a_nAl95-KjDQ
1516,qVoWe3nVVkg5KSOmQpntIw
1517,WGNzivxscW54VZ2BfeLmmg
1518,lAher1puKzN9r3LALx-JqQ
1519,M-KswR9gmh6C5VZq32OUSw
1520,d7vskTZ_tjTW3FsRF-NUug
1521,XNSito__Fne14TXU0vz1Qw
1522,7SO_rX1F6rQEl-5s3wZxgQ
1523,iAe55bO88EwBiPL2GhwBew
1524,N_n2jyCfpon3NzKERYT02Q
1525,XRBTHOXaJK_AJ2wy5mX_1A
1526,4sxLJ-m3rhjnSSIEC_vqQQ
1527,vv1uvJRBUqi707TA5GuhCg
1528,_ZyJLAlkmqefU0WXQ2o6jQ
1529,uQn0lwRKxlqG0UFZYlc9ng
1530,ZEdaJ8mcMpPiFWgDuSPqeA
1531,HjoY5DxAzkK_3460vU8dmw
1532,oqQvCiG9FDbIdr6M4yen5A
1533,xOlzK02DWzETeZ8HbiEB0A
1534,FK6qrsEbxZ0uTdho9rIWFQ
1535,n_ZuPiXgB4YPbkuSINpabQ
1536,qd1ajiZRCwqEQJqCgoN1wg
1537,NN2qs5B713vM6BDcMyrg4A
1538,YuS7tA9VkXwgywis4TMspg
1539,XXkZE3OGdis7GGtsvDeZcw
1540,P3z-tSjqJRMJPQ9fx_5MSQ
1541,Fo5O94HccxE4PvMQf-G_vQ
1542,bsurBnPwOHcz8ATxzgxcEA
1543,M-Fwp1qZPjcPgg9-317VkQ
1544,OVU0pQ85Zf74OVgDyPFvGQ
1545,NqmbT5zcEpV52qx1bI1ZdQ
1546,4ftEfTYX_AOqrfSuZWzhtQ
1547,-7yF42k0CcJhtPw51oaOqQ
1548,Ra1-tcivgZ8rr-Ul4fDP8Q
1549,M5z8jiXlONr5BWWIQU_zzA
1550,3SheFSI_IkMP6Ec929riRQ
1551,xfZhTtsYzY95B4IG0FHXSA
1552,WjT_DJivd3I98FxDgEZpTQ
1553,L7UxfZyS_-jFOxRwG0SZWw
1554,NgtHeii61KsVwqNjXIwX-Q
1555,kCNp6j05zCixFt8ESfkRpg
1556,XHUYM_2okxGXLH-eeZreWw
1557,11sc9AN_zSKTjPxsage_iw
1558,vDwLNzAwbMSTkl_ZU8oO3g
1559,3FhHnU7Mq8KcyWiWKH0RzA
1560,CtwZ8Ih7sLo3E0bls_XiMQ
1561,aL9GXjdgNyJuCN0RzTFDtg
1562,NjI3elI6tZV_aIRxbDFw1g
1563,D_v-FRvDS23YFAo3dvPDnw
1564,Qn8vxCWqe8FL_5MNcc4tpg
1565,8cL7aJVKTYmLguzXEAS3Lw
1566,hU2f_i59Ly0bYNV5BSUJKw
1567,R3olc0JZzBycM4waE-URCg
1568,jcCDwwBoPtvHA2EuBzGP1Q
1569,55eUwxPXxSozPl-cYQQnMA
1570,6yoEpca0GnthoEzlJtNmgQ
1571,vRTPMiIVwwPWnejINC8neg
1572,EKVrH21lOIRrXdLf-Dt5RQ
1573,GIVTmO3cLcED4_jVZJIL6Q
1574,wNsmt1hF1uv3YvbwXZMAoQ
1575,U6stLkJYMaro_4-3KI84_Q
1576,Y2BXS2OOrlMSYfS5xdjtmw
1577,YQz2fnfnL5eAWn1zOmKYnQ
1578,oQNyryuH6nJRvkZx14GqmA
1579,xsKJFwv_qZ3eyB6l8qzjEg
1580,HuDJ32yH4_yYy9BfTpR8Gg
1581,PS9piBenHWUnCb0Wd6Vmbw
1582,xKaGYiKyPRpT4xdTCkmXzg
1583,jyddpaCBtCq9wi5XN6ThOA
1584,-FCQ6tpsdpbeEJX8R_-tQQ
1585,Eexp976MUmMDECm-r0BxTQ
1586,gsQ1ZB3nzUCo93kqougigA
1587,Ocn3wCmGDViThcvASnt1DQ
1588,DJlb6DLzT1yK5ipnL2I1dA
1589,RGve8Xh5oWlNZ7yLpdyKKA
1590,qsbaihcCGPs5oSl7SdlozQ
1591,z3yFuLVrmH-3RJruPEMYKw
1592,tPmjepYrjiKyfGOpedyDBw
1593,4c7xJ23IV9VFWhHjdWN1aw
1594,RtwOc-n_RkiUuDGaNfCsNw
1595,gPmoQaWDiVnkUWOHY-TYOQ
1596,nJNvvbLZ4aenArn1C5-3qA
1597,nU347OP_4DjBc8WLKU_J-g
1598,XjeKDsWp5ZzU5eFUDrgR8w
1599,mI4ozvIRxcGqwGdbd9i8NA
1600,SoCQmHKJz54E09tEhmzwcQ
1601,Jlcx_J7DAqXthtsb_OMBEw
1602,xM5F0cLAlKWoB8rOgt5ZOw
1603,bFIOaAXd7iv6Zvnqx7D71A
1604,HD_D2LTNTL6EXmvHF6x1qg
1605,2GY8GQU8KH_TOrobCZ3xSg
1606,Z1KDov5DRTG-rYF_6TyO1A
1607,ire64v4ZquitAVF2_KIPqA
1608,qFfEUJUIqfIYARCOF9Hgig
1609,BIDo9kJgny-n6XlBkGlrmw
1610,jRMyJkVWCtifZ7VCDUGdNA
1611,iJe2cL7QEKOn5GxK76-HhQ
1612,Sm-KSR7qtHmP-Z1yBPxedA
1613,RbkLrCFa2AL1K25GCnNK8A
1614,0CH5reg3M3FAq3I0oD6kcQ
1615,VsrvWdZL2993olnW3z8R3A
1616,JuBygU4XDjqSeW9okyvbsQ
1617,scbkHTbGTOA4xOrRcU3bBw
1618,VC24HxKvTi_2ZVWiC3j1MQ
1619,M6SQ1dITqcuj-sAvg8_ITg
1620,9kOeqJmBrieJpTWMih50dA
1621,MkQz_wPoaELPVy6Hwwf7Ug
1622,81yKeu6as0NI2eIpNvgCMQ
1623,358EZJ3WFHId1_ZClU4zDQ
1624,fO4Da8qQtt7pH1WmLWRPvg
1625,z-xZn8w20sg2jLkZKuiq3Q
1626,AyqkzaNU3w1XCOtm8mx7rQ
1627,sbsFamEj5wDxNAjUKrMcSw
1628,YxN8TC0rCVr_1EkpnKsaAw
1629,OfNQed4MVoSyY31YJkJWqA
1630,lHRc-t5EmkY9ejWixFyiDQ
1631,SBHT8xHjAc8LJDuNxahuiQ
1632,iDQK85-DyIlSpTz_XhkZVA
1633,-yxfBYGB6SEqszmxJxd97A
1634,muqFM9Hoamh_fGL4MPeZqg
1635,vB-sXh9XzFZSy_LAdjAKZQ
1636,rscGJJJb7PxTmWdYGqurhQ
1637,Pz7SWZQhxL6ZbhL9jE2NTA
1638,P5uC-zfGG6yqoQDUyqyAvg
1639,Yk6F9tkmI3azL3kv3ggn8w
1640,6BeJwX7aH6w3yrbTqEJOYw
1641,jVzSXroGCuEBCa9V4_NNtQ
1642,TBTaMIaeDw5B79hXDZBtrA
1643,Xq1FtLSV54Spf-HfONc1aA
1644,uFJwKlHL6HyHSJmORO8-5w
1645,9RknqLoO6F-JfYMoZGr5Sw
1646,8rEzGHaBgQaHT1v9nb4rNg
1647,V3A6YJDk2U9KuENna3-RZg
1648,pgz6IeaZgLuzqrk6HMPhzA
1649,TQGZ2Li-N8jF1M-_6qe_YA
1650,d9ZAurAnQSiYaUowoYP5UQ
1651,KNH1T4wwiOXA3r9oDXpFvA
1652,l0c2pmxGYvCfeaCRiYGAvQ
1653,jsblnIZnHUQGufwVb_yX6g
1654,vlnfFdzwJwXcc9Tbsg23-A
1655,wLK4Ifw0XGlaeOD125PrEQ
1656,bcBMAa0UQpNLFvvdZ4dxtQ
1657,LvMipFjDCulxszopCHzCpg
1658,52-1_DEzWzKcdee6UrOKgw
1659,VDfxz1UFKsKR4Tvb-Wu7NQ
1660,qXyhCYV6cjojzy5rJKooMA
1661,NpsmMWl92_qYKjHXMZk6Ew
1662,ssSeK9MYRCUjoabppekwoA
1663,E8z9E0aFDYwC7KQuEU3GYA
1664,X7QrpTqyGM7ZcP3l1d-1sA
1665,1pGC-0jvQ6vN5rzmCHjmfg
1666,ukTwFX4wQW4FbQbnWI9aJg
1667,q5ZoC_dCzS9fkf01v_nCTQ
1668,xkiuVkKXZp6I1ITe8xhIgg
1669,5stqw4vZnMwoT6F9h6nzsQ
1670,pXpjArpg7mdmn3ujSlFBUg
1671,vA9dAPd9fQt_3HqZylKfVA
1672,foBlhTvhqMRssdjGvyQl4Q
1673,QzMaVGGR4Eo5otfgOAxzjw
1674,OjrgRcLvYttRGQCew44cOQ
1675,18oecrR4bf-ctLvVGEaSLg
1676,4-IsKjjzDWfTCcAD5q6kkw
1677,kfscAJnLVf6J2uEte7g-5A
1678,-0xwm_AwS0d_5rwUprHGuw
1679,GlaQICDLKSdTyKMZt9sN1Q
1680,McbAumPa42A3mz7VUHjA0A
1681,z6GC2gdtR8IF-gtgErx1SA
1682,u4i6nFRAZzQIMhwh8nbVvQ
1683,GOlq9CGj4APl_S2jyhMr1g
1684,MvuQO2qhR-NWLK8x_7WkGA
1685,1ZrMzeRjt_wawoaCXPxx0w
1686,IEa3NRZ_TvJA7dCP-P6SFg
1687,F-ZOeAK1v7e5Rt2Mv5rVMw
1688,lqx--hrRwe0oK6WnFYNXlg
1689,bF7KQ6AQK5rBS7aOFKtlWg
1690,xVaPo0y0qTnkglMGaFYaWQ
1691,PbfrZVqGWDVWklKKxmVkzw
1692,WIlklz81DcJkUWJThbnJbQ
1693,k7g41CrVComlOhyZaM_2_A
1694,EUnJ9ZUF_1MTEZoTXOBvVQ
1695,E0f8jFeNaL8ARG-vq3apVA
1696,hNlnO0SN_xif7rB4Mr0qPg
1697,Fr9OoqQplP76DsntQ-2ufg
1698,1iP6SyuWpm_4E6Mx6zOS9A
1699,_UrbZpgCq638dWrS0Vly2A
1700,x737irkRUs8ABGRc2ILLAA
1701,UcfhBhQoqCJDlIyCbtvcsw
1702,Tk4BA8X5kkXxAFTs9piHMA
1703,6OFYUDvf2k4RXDfOomfi1A
1704,0K634ehk41ZRc4kj3NTAEQ
1705,5ambRqdTJt9vGwFzVI9HBw
1706,dq5kEswncZfz1WdruJqxGA
1707,qiFTZ7aJz-FXt1wz8YigAA
1708,-1tQu_yKCOgOj-WtXmMYIA
1709,6SKnbcGt0M0r1XWk1pbzsA
1710,AsSCv0q_BWqIe3mX2JqsOQ
1711,Wa9nN637fEBbcAafbn2c8A
1712,Rg2IrML03E10C2R5A9d9OQ
1713,O3CYB99YAIMqQqPNyongWA
1714,yi5pFL1xhnMUH0BZb8xNUw
1715,odqOaG3-o09P20xCf5DNqQ
1716,4DPIWR57mR-paxoC60bDdg
1717,0rbT0Nf-A56t4DnYIIvy-Q
1718,PKpNLHBhAfXgZ7TdRDZPfg
1719,Z7q2V2XP3F5g0kLsmCFk9A
1720,MdciqXUq0nf-bJHYmI6etw
1721,AxdOGtJ8bJmL8uXB0AQS5A
1722,WHIE8w8PxYzlWsXTBBiWEQ
1723,uft0J3Wd5JkDOcuqjoNghA
1724,XX6owhRHtgO0957RSmRYgQ
1725,egCtkzJEMwu7-vpFcM7VmQ
1726,clGb_HhvbCjFBTiYXOjdWQ
1727,NTUbGXK1sqrBtplXUteEfg
1728,OsMRIq2-M9jMVVPFiqp4sA
1729,NCTd71BBS6cxgr97P0mUVQ
1730,nMHhuYan8e3cONo3PornJA
1731,htsJHl2YcqwPfIbQkXrXrg
1732,HPV0S9WD9nr5PpAZ2TareQ
1733,Gu0L9ZxxCQkQbRvRes2MYw
1734,7WGQoWtfHYnjMtFAoEv99g
1735,RKAbIVzwAE3W5TInXVky3w
1736,-8x21h1bkRD9uwEw1ec1xw
1737,ulwQfFPpJhUSjyWCTv4pdg
1738,5RehzFaXjuUPgLCUs6gEpQ
1739,I1FRsqEw78xUR2gZBheHOQ
1740,tZXPhvufHhfejGrRp554Lg
1741,nhToFLPoqNixNbRK4-xFQg
1742,9k5OdmvTCLvYH_u8RQ3Duw
1743,CEswyP-9SsXRNLR9fFGKKw
1744,8ZwO9VuLDWJOXmtAdc7LXQ
1745,SsTxjxo8qvqBMvan1rzNzg
1746,KjymOs12Mpy0Kd54b7T9MA
1747,BWBGimuHBhB2hOv_kdd87g
1748,o4SwHTsoAqX9Rmvp6Rtirg
1749,IbhWOItXWvpZvnx3-USiLw
1750,cBhjC_fmx3mlGj8AtPS5WA
1751,LFeMucZuKkTaGOSM5zPlfg
1752,YmycnNXb77sCDxOeNSzo6g
1753,W7ekSg0VuvzeHMdQkSzBbw
1754,rIKH9_A6hxDxXww-kOhnZw
1755,ncuj9qx4WjprfJfYJGdmtQ
1756,4OOi0RBsJmIzDfTVQ2mTGA
1757,pdxyZdnwltQXcu-kD5rpXQ
1758,B0WC52tnLIBSW2s3Wl8HQQ
1759,lzl3cfgVEGMtezF8oRqXDA
1760,B-FG89Jw729_i5rfA7FT7A
1761,HZf4PgSXgGZ0EPGa-cuUPQ
1762,aDBT5MB0L2JCUo3kqgFRJw
1763,lwVdmeymJFB7vszy4lrl7g
1764,hgb1RihLYRSpFBjBhn8rZw
1765,YXIUNDixl0mMx--o088a5A
1766,rXrCQcs7NOcOhpBFxjDkGQ
1767,HQuh9sfojI_53_Pm6-9WUw
1768,8XmJg-Uy9FtOqlDOaSJsZw
1769,CqVL2I__nwRqycIPlvHvfg
1770,BMJUgKp8QMvIk3jYjjuddg
1771,vaabk6CYXX1dYVQ1xkyPUg
1772,_v6HIliEOn0l0YaAmBOrxw
1773,B8c1ZnCLrbZIfuBe256cOw
1774,6w6fRdKuNzgp0W5Nv7sn0g
1775,Ss7rZpNaKRWs4Wkq_tHuTA
1776,N3PG4S3lchF0ykAooFjA_w
1777,AXok1a8w0gNhdrWZ7L633g
1778,u6X1OLsZf9NG-INWiREhJg
1779,3ZVFdP5Xp9JZAKQkT98kDQ
1780,HtdTaNc79rgLNGxblHcsdg
1781,GSwbLWgYUEmybLrNJBLd2g
1782,8lKiCgPn_eonn5CNsffabw
1783,dj-eBnI2RRCqQkLWuYuSQQ
1784,JyOWfIFwzz1rq_NUdwXMRQ
1785,Zw4CvOwXJj1QA85SvB99Hw
1786,-INZ6z5X6RrHdGhk4WoYtg
1787,WwFsYHahQIMzuilmOAfR8g
1788,Yv3qKnnvBwGgEm9iM9aiag
1789,YaNw2NgzBMXbq-L86BQGSA
1790,Adjy6wjncsbWpRMo5-FlbQ
1791,IYYaa562PybzXf8tQnT17w
1792,WvF3XVedUioBaG_xLgTgNQ
1793,8XHad9b3D7Zynt5ZkrQK7w
1794,qVN-P0aov4z5oknS12Cq1g
1795,9w0NMlgg8Z_P3JUSQK0mPA
1796,6ZRXqWKHlZeTrBywGvvnnQ
1797,1_siFXaQbxck3tiKRwnq7Q
1798,NsnZ5GhagXBKrCOelxVQxw
1799,svUuarGBHtVcBFst3UoHkQ
1800,mfeI5aACFj3DMvIfz3BU0A
1801,CtCNNCxA7ZYhTIBI_-FB0A
1802,rBCX6nU2ub6v8ErfzXyjtg
1803,nlRIeO1CwLBegjgHQQz9nA
1804,4EIROfnlec03m0pIcpDuPA
1805,AryNioF9fxl8RYGiIE7fSA
1806,lvv0M8Ig6W8Xx-B5v-JpwA
1807,LedNW-a5QMqISxsYWGjL3g
1808,nts2OALwvyvfNh9focRZ3w
1809,LuYVQCAUQtJavRX-WW07Qg
1810,JHanuNBM8J4B6RakfRLgFg
1811,IIL4Jjo2cIVk2kJHipx1bg
1812,5qElnvC0danGy0io0-NRKw
1813,lIlaoptZjY7DD4pO0Mk8ow
1814,S-Wd--9bLPtgfs8CtTmGuQ
1815,gUt-pPUpOVVhaCFC8-E4yQ
1816,qAUlQG06dXVh2CS1fHxncQ
1817,m6JwiGrKrs0XCmH9ij3fmA
1818,vlA9NDeO4DNmFG31CnEQTA
1819,mbpDk_uvYwH2ZPo8LoJYxg
1820,qs_PhcOPlC6aGKx-WJEhwA
1821,PO2JBrCFcxd5ne-7ewDwdw
1822,e8kRfAKXM_1qj9LMgp0s2w
1823,sL4n5lhxqoZ5l0d8gwIPyA
1824,oMGLTTo2Tdizl6eo1EWOnQ
1825,7uRhJhS8hYQfau307RDjCA
1826,FFCkoA_L3cqYXtHtLyvxwA
1827,4TWNKtG_S2kMdwNbERK45g
1828,gEx0eIYokdsSZzF64DO7Mg
1829,i4b0jbsOsET7biMw5KhPDg
1830,b8ffYmDeW89C6DruqgLmKw
1831,FM3JgsDg5vLJ2x1_NM9CcA
1832,snE3ZuXhcHgAVt3xTUGgzQ
1833,OdD1GuGNQ64ssJmMJ_D9RQ
1834,FkFjSrQx33Xn3yC-IUNjUQ
1835,3zrVCM8QlCej5L5HgLylgg
1836,J-FcHI69k_MpSKjwkDURuw
1837,Zku0t7FWo53pGqnBczVgPw
1838,FUUXfZfN2NruelWQfQxIzQ
1839,qS1e8z6XXjN2IewBAfq5_g
1840,Z5v1F-tAV897ZmM32N0wfQ
1841,-PESvVv3rPQFAU1_cZ8_hw
1842,Sx0-lsfTkzQ7r1gxPq-C8Q
1843,gNVVZXPuQjqSK0l4N3AWAg
1844,-aDuOZelvBHWKh-NrXooow
1845,4AKcmN--0hbF0kX9pg8scg
1846,x6koVXXoyrR54_EsqOv75w
1847,vArp6D-Wre3Zla694T-_Ng
1848,v1YerIajfn5ihf9PE-xxFA
1849,xg3wLw6GtGiv9qXcRkmZTA
1850,1yx2zLskVTe5WQdYjL2Apw
1851,1eBJyYf3JEccqXUFxG1VWQ
1852,UZJ7vvaP1FdNsHg8_B69Zg
1853,jvk4s56gzNcsKxhk8GXLNg
1854,ZoQAOnEFnyHjSpomtfqesA
1855,YxT-QYCAfg_jaS0g6Xx0Bw
1856,rCh0P0uRkcjcChXqVeIUaw
1857,8n_YaIqhFivUDUxVuaoKDw
1858,nwaivnODjeFVYXyqaWxWiA
1859,Snp5LyDO9NeQiuFPOlkavw
1860,CNvPqN9pa5aJRn-Npcqgdg
1861,wiDuCqjsileWXXbcvD2tWQ
1862,Oz1w_3Ck8lalmtxPcQMOIA
1863,aGaoRZay5PRieFvTK6VkmQ
1864,gl4T1-8baLVWGVvBkka3WQ
1865,JMOK_Sy6aSOZwd4qgkX7hg
1866,kvjREmeVioy4HwrmMRP9gw
1867,5wySjpHepR-yZNthD0-Fnw
1868,_OYlq2UoKPQO_ElqhC3a8w
1869,e34tIpveepWkpvOuv_boqw
1870,9dvuzmf1oF122Y4cZepRVA
1871,1M4oczf2lmkdgbrJ3J7OqA
1872,EUeNB6nu1E8AZMT2X4l-Uw
1873,cJTgJTzEWg5ErWnvaHsUBA
1874,Cm1jT60fxb1DjwpqjWJ8EA
1875,BfTGq2PskVpTaDRtG5baeQ
1876,3HKp4duvN8lug3ydLHdP6g
1877,CKjcewWeWvdJ7TzOQbZOIw
1878,Vem91uL0NUK_HzS4qNdJAA
1879,CKhtiDFAfr31jQIJrpehuw
1880,gfhO1Q1c7QCigu7waVpeSg
1881,bMfvRSC-KaTu3QYGMWTv9A
1882,wx2EJUCNOCPrMC0DtKb98A
1883,JeivzPg5TV_o5ZgLBw-hXw
1884,prL6S0P__VGn3iXc-TSlpA
1885,qQNjHyoFL3_0xugLf8sM2A
1886,V3QpP0DtIPvNBi4qWJYqWg
1887,PfgUEcCf_RDWJ_EGwjm30g
1888,dkjnemtqU_Zfhd9XnOkv3Q
1889,R2FuwuSjmyvzNWNfqzKUvw
1890,RoNqL3P67m2XnrObqilZgQ
1891,u79mzu4hgkUzjf4rVqhF_g
1892,v8pxePdOuJIDngcdZqfy_A
1893,BJfjd8oEMW_zq8KTkixyig
1894,NavcBip2CJFK1yEjnu3HFA
1895,Os3C2e1yP2pOM9TfWJ7fRw
1896,34uJtlPnKicSaX1V8_tu1A
1897,ZG4oIFBRlXyaF5F9L3dzxg
1898,24Pyg1ywhjaJDaE9v2tWFQ
1899,U9iWs_XQ88IEj_Cgawyz4w
1900,9BJ5h9X1krpXFjKj0a6wbg
1901,yY5y9PjyPWd-8Pl1XkkBVA
1902,U1vsVIrIuSBZAGNahBNFVQ
1903,mzVhCMNkndrgdZFqducydg
1904,7ujIaG-_RDrBC4739RncSA
1905,HtpcvGtgOznIzYp9EIDNJA
1906,RZxhxqH9FBLPiO4NHug5gA
1907,5m2HPI3fp6Eq565mlquL0w
1908,eL7RUC_jGRLBkmkvFqkAlQ
1909,tc8XUyEkrO94gEMVYiRsjg
1910,5FuO7ScUXU0kmfCZGfom5A
1911,RJquknTxmUKhbziIS9hSnw
1912,9sJOZf_0GS7LdVbreFlCog
1913,VCXzyRLE7EM1GduSdypQTw
1914,XYhVyCbzJCrYclR6J4LYSw
1915,cwAd2nytPLKmABtLXsgpIw
1916,F1qVJwZrwzHc0OjolMPK_g
1917,EQTdq1SJuU6bjC3myEfDWg
1918,lNlVwSKqaxE7agiGKfCaAQ
1919,jwT-UTY4NUYfE7XqlhGf4Q
1920,BtX9mA5dYDzULGVPC4-I-A
1921,cV_5KCcKlAvPWR2nSoRFeQ
1922,hwrhkcWhiwWKad-Cq7mlvw
1923,12Uzc2Tgu5IeYwoiLMDLTw
1924,esscl73R4FpTPOgnPWiTEw
1925,I6DMTSrI2Vlp7Ai-Z9tUXw
1926,H91jZ9BiQZZ4_7OlEd6eQg
1927,Sy-hmzSH1OmWpHmAfZtxRA
1928,raqYREIyRhb4HYiOqBiHNw
1929,U605aUo9MJn5vgLfP3yYKg
1930,bvPrzKDAvEed4tA2bNCsyQ
1931,A3Jv-FFRsDEWXxKJ6ZIxfg
1932,WFDxa8r0sT2ZnehYTyT1LQ
1933,XeFNQqz5vVsVIcTjNuXcTw
1934,HtmsKPFOOXSgjVZUO8Vprg
1935,Rs6kOdxCB6Bdox7VsFTKzQ
1936,MwmXm48K2g2oTRe7XmssFw
1937,cPBjZEouopniZq328UmOaA
1938,bSjUgfh1DbyBlSAxUOmCwA
1939,ykKSshfa9ANCZCuvM2LaWg
1940,P0gOrXgNWmcUZ5WH-wrfyg
1941,y75baZnoI51J8WS7NK9FHQ
1942,5CGT-eGqL2zECmQpM9wPbw
1943,ewZlgc22xN5NNQ1H7U6Y7g
1944,Zu_-01qRyxJ25L7-3Gl5WQ
1945,ZIwWDGBe2HIDGAhJWIs7sQ
1946,r6UzCUbllqkkc9BSV7Vodg
1947,0dIChGWBs9ueUXl0hhkw2w
1948,k-D2NUfaUbuQzPaMXniXcA
1949,unZfGrSL80ar-ao0A2eBAg
1950,5XU8ys_TsulI-FJ5nzuNvg
1951,xJoquhJYPujB3S6hDa3jqQ
1952,Snvt71a7KDWYxeltag2zLA
1953,K3-_PQqo2YtQOHKaSgjPpg
1954,EKFxWUjVK--W3Psqhz1K_A
1955,BeSDpZgoDwYfTMUBJQwdEQ
1956,e5J3s-xxs1S6PPHJhldBEA
1957,cQMfAN2YVUcJn8wK2M_wGw
1958,hwafU4w-IYkIRZa_9LTupg
1959,iQEX5MJOWfFcUqdXl--6UA
1960,JyJDtNQYszK_MmEmzhkoDw
1961,dowimfl0v9PQlL6jey5WGA
1962,5FLRsYrT6w2VSDvQDhphXg
1963,ypZXfEMYjFlcDY6JL-FVlw
1964,rUbHg4tswlR5WeMqN-dtuw
1965,rLAeltELaGdQKh_LYIllEA
1966,rtvC6GWg_tNq_XfenVcAzA
1967,iqrmZpoSGBaE18FJ4K56Bg
1968,Vb9FPCEL6Ly24PNxLBaAFw
1969,7sPRZWdepqiUMTqXeXfcPw
1970,JOZqBKIOB8WEBAWm7v1JFA
1971,38P1PQr0-uyw_290I-wOvw
1972,G7Q0Tm2XBI5rqd5wyUc0jg
1973,CycoHGY_dcTD8YcylyYO-w
1974,RsPJQ4dnWbXvFNwq_B5LEA
1975,R6aazv8FB-6BeanY3ag8kw
1976,FcM3VBTSDcJh4fykOpQP5A
1977,_PupU410UJq4nt92FcACUQ
1978,vSA789zO5LaRbTSuvAafmQ
1979,RZS7pdeB3xOyHwYgT7VYGw
1980,sry6XEVOqIDLoJRaXAMKjA
1981,rlMj1YMMQOPtGDkfz529Og
1982,Ane4XcpP7aWzhjd8SGiciQ
1983,O02Z6r9mO3tORhD5ynWPeg
1984,6R8FboWrasZM4LApW4q4ew
1985,n2d8ndo4zcqHBphbmFS2MQ
1986,3f-RP2-EE94eifGnepUBpg
1987,5dSQ1KV9HkbZm0ZmJHuMKA
1988,vvA3fbps4F9nGlAEYKk_sA
1989,8s3BDPpMRvILQeHEmBayVw
1990,3XG4-xRNCHPQs2sAYa66pw
1991,o5Me8uSqyUSm8U3aEMAbSA
1992,b7GM0x9zZU5gq1aXErUf7Q
1993,T11YSYqwlRDC48V8-W1GRw
1994,eq6lQI039SBLC6sHm3idGA
1995,bFStadbRNie-EiHD-XEPMg
1996,1_WD7kvNQAbscw1c7CFH3A
1997,HMUvbAHRnbAczNrYy8e5MA
1998,GQfhHEq4R_0lJ8_4sorGxQ
1999,WEUgyNNslbwhqYgku8Gt3Q
2000,qc7y78qMmnvD9eySXnjwyA
2001,hcOia8ZrDw39ukBaI5CAMw
2002,_IaAOzGPzq3JIDKuQlAzvQ
2003,h_WtRK_umSU8LCCmAeqbFA
2004,-hQ8iZygzi0iiTFUkHgiEA
2005,jKLR4wAywvVcGtQnCLzoRw
2006,RBXNORZ9yLgYwfIPrLLIkA
2007,z_-fScjTLGXFORG3aEtIUw
2008,3fV9sL5LklD9ZSeONKmjkw
2009,6adohDAaAI8MS4OklmaUQw
2010,BFNxp4o6gJEO5PjD13PFKw
2011,PXviRcHR1mqdH4vRc2LEAQ
2012,TV2ZKEUuEYTwAX0Og5BLFw
2013,3byBKds6zEJ6zCDh90bhVg
2014,jlFhZFGzROkhhSIfXM1oJQ
2015,_tkAI5Q5XQSfgbqJzDKSDQ
2016,amIKbXtk8TCoySw_xBjFKg
2017,jiIjU4gCkwtxYHYXOlAUAA
2018,9CqxDNPWlkJW1ZCM8Gu_nA
2019,170DzpigkOZUarv7SHtjgQ
2020,T5HYqRADhAL6VPRAacz74Q
2021,_LsGlbpybDbENusCXuEpyQ
2022,v1aLzjTphPc6IGIy9k96vg
2023,NI6HbJtkRSwzcaSxMaSSwg
2024,Q5NEYfn5ATd4avkjrq89dA
2025,DEg-YquqSx_-Klk_cyafDA
2026,6mTaIAoIdXxjzj2thQ1CPA
2027,jCUOqEK8Lln0PK3GeUl6IQ
2028,eI28wIzw6ZclI9jGXhtbow
2029,vFrtRRPFZs8qmJcMqbc81g
2030,AAGO39io2Ko0fgr6BhH-yQ
2031,gEwIdQb30UzedOdaxVNUaQ
2032,QtWleJLRz8Ub-54oW1EBEQ
2033,z67yrh03lRSANrpPsRcTfw
2034,U8v3YCzXllGS2ZBrLOr_rw
2035,S3ccQHpkBQTBBfRB-Q4adg
2036,VZyE9u5-gAG62zfe53hXWA
2037,LJLHQgMIeDhzqzleWOSmqg
2038,PNThcRNEFI3azvfhvhd_KA
2039,IoTomJUQYYYZqONr0KKdjg
2040,cAPjkG4oP7EC34wIqentgQ
2041,JZc6ZIB2AsafKmLI41MDUA
2042,6H-zkULy5W9Fim4dssmHKQ
2043,YTR7zYN7F-zP98sqFTS2-g
2044,_h-wWBfKI_cRnnOB5Bkgag
2045,jfXqQTdxktGQWkELGn-7wA
2046,0NhcabzEyeCIMsNCPOX-MQ
2047,LFOfaMvC6g7huKW5e35nsQ
2048,lVkDZZ8sTafPlq7f1i5row
2049,TuCAYZ89lP_s6D7Y78xNhQ
2050,mlg5-KAiYQmJrll64AADNA
2051,SXDm_ep9hqsCDTUPgpK0Zw
2052,LeUNBYgQL3cERb4nsd7rVw
2053,4C-lKI0L6bloWChrqXM5Jg
2054,CPKc-u_0xxrqHPjvxndmJA
2055,OaiGAZoW7TQyHfKJAgu5ZQ
2056,E7nk0lC317pGxMX56gvaVQ
2057,cHfu66OG1uoxYK3bhPYg2Q
2058,mmkdzTilURq0hZNwHTDuxQ
2059,dmXfK7G0h8zknsR2dfr1bw
2060,6TIaz7MG6qjX6ZaQe9cG2w
2061,PktpHqJXlb3Uv3zxbqvD8g
2062,KnT4mJRLvi_57lsWtflWmw
2063,JOJtP3IQbCg65rssBewUXg
2064,lHWkpPjN8IuVq-Chn5n8PA
2065,GnVf8L6bsD11M7VbCP6ZAQ
2066,CQDxI8giIc6Kg9hQFLC6Uw
2067,HrSowDDXw71VD_d-4g7I5g
2068,bn2HqLj_XpPG9UE3mAo5cg
2069,7L1nTusLqkuOwGdDAa1new
2070,kC_cOPG3SvfWkcaQkHJW2w
2071,3Dj0FsIr2Kw0e1nsaDSGig
2072,vwAvFkrB9459ucTugR7rKw
2073,MA1d6nilLYMJn2J2BfUghQ
2074,rtxbB81jnmJ0OiGmS9xECA
2075,8Nsh8u0zHYegI6XT1L39Lg
2076,F8q_9PUl-Lwjj9xIRPArcg
2077,UKgSs_SJzW9fu4CwhIV1yA
2078,qy7DyCFqyTPDctp_H1n-Pw
2079,dshbS14z45mJooTv4vYA5Q
2080,1MMztCZKPtw9DoCVflfZFg
2081,AydLCqa6veiY7-uYEczEGg
2082,ObnZiF99lqggVasgyGBtVA
2083,JpHE7yhMS5ehA9e8WG_ETg
2084,89FypcYPfMCG9iAUgoNRtA
2085,nLL0sjLdZ13YdvhXKyss7A
2086,Y5GPZgCu0UeGy5NiAKC6_w
2087,A-M-ebgWSjHTXi9S6tvchw
2088,vha8-1iVade3hshLU0Co4Q
2089,UHIL-Sp2VtYkxDa3_8hH3Q
2090,LYLGCIqNQQrpMwOxJ1hlrg
2091,Jj7bcQ6NDfKoz4TXwvYfMg
2092,AKyTwyfCRHAQ-W4oMRKVtA
2093,7Mgly28cnzY-2py2ClEjiA
2094,mVqw4ktkXhmpbTichSzuIg
2095,qak_x5J-ntcT2iOdJoS60A
2096,Oj79-vTnjQk_jLr6oNbT0Q
2097,KkL1j6IkGCWxJypV1WXWIg
2098,SAU9NDWNuR0Jvgx38T8wsA
2099,5hNN7abwwQwmMh7c7rHi6A
2100,dAJC97pUsxa1SucwFQE07A
2101,OpD323exZMEpCxjNXZle0w
2102,7vdBKHejbuZPsNYow7eOBA
2103,55seKyxRWUmHC1s52xk45g
2104,bYhpy9u8fKkGhYHtvYXazQ
2105,_ugOf0Mdh2LSDK48EeaEpw
2106,-YYlBL2gDXXIahbkayglvw
2107,oyzi74AxIx4Ln9R597F9kw
2108,kUvJiI7teJ--m5i1ReG58w
2109,3cKrdTUKV6lNDcckcHcCvg
2110,83da7v9gQsWJegTW52qnuw
2111,vCSF4RjKuTtTKN28VlZvIA
2112,fGMOPIZ7m7hf-Ti8QTkSqQ
2113,b50sOMHCNysK-BmyHdMwAg
2114,gRfDE25AYihvWXF9SvAuog
2115,_3f8o37w8APyUboCgwPkhA
2116,oqOaEEMIAAjoJTWTMzgH7g
2117,GoTKYfpIDulcS1h7OjruRQ
2118,oFvqnJNxHguP3iBj-jZUGA
2119,6X01fXVzhCght4ZJ9Ei2JQ
2120,eKOLoTJ7X8C4ZeqrThYwfA
2121,glLo_FNtgQ7OmAR8hUrDqQ
2122,aF-lRUqRGRptGkxAPzdLNQ
2123,tYlwIZWPEQFvU9avTaIv3w
2124,BnbJTzFHzwC9qRTZa2pTHQ
2125,H010pkpCls0M-mjIzSCVlQ
2126,o5x6DF0KK1OBsiUOx2gavg
2127,Cv3YihTcvtnJrBkBsi-svw
2128,kgPjOtSeMd3CMdbnEmHbeQ
2129,BcRb2bBN9pGdV8Ef5-dKUA
2130,mq2tmmgQXfo-3Dh-xOTx-Q
2131,rBuePZklY3upbFFE_ZOG2Q
2132,3n9mSKySEv3G03YjcU-YOQ
2133,AvwIMzfWoe8uhF3m1PAMBA
2134,GS5ocpRdFTUnPTY-V-xYLw
2135,6FFLrPh0z_U6JpIUANuaYw
2136,peA3F-PnIfijYr8HuG-A-Q
2137,CKf3mf7fl5sZO9xviHU7lQ
2138,VFjeCLwVMguUNWH-DeOgyw
2139,4pUCP0aJRcWnrBxEZXZ1Qw
2140,4A628qyYpA4EhN6w6o-MYQ
2141,SyFDmmP1FjEnZP3hBs5RRA
2142,0i8RMtxA4U2NM_8TDZSHsQ
2143,jqZKv-7F54guDLalXEjHxg
2144,kA_88hART1Fx-zc_njLBHg
2145,ta6GXjcGAhMlC-KtxX6VfQ
2146,ML1RJdeZ7bbfMrHvJ7m99A
2147,peHhnbMH7ZwlSA5pCYDstA
2148,uVbt9dOe6qJgBBI4_XsXRA
2149,OkO7zRnvV2NQR5aPmbRZeA
2150,2DoTQ_lN_OvmZUUsd1abDA
2151,QkakO2FKDbhisQmdeEV8gw
2152,WBN51DEDxgWN2YYA7G1Ang
2153,Bm0KsXgbVl48sJPhb5Exdw
2154,RxjHseEfxowNP2L6uH7FpQ
2155,GdkVUWDdJshfdCmTBKoB6g
2156,69oTrXljeMNnA8VXd3HRVQ
2157,WQBp1GfsYOuOqqym8xq3RQ
2158,gXkv89nyNlFyrEdblB3MKw
2159,vO6-omS0eYqzoYWJGoQvgQ
2160,N48xgV8QreZycPU3qwfzvw
2161,qb4PzVr19bXXLBf71dd5kQ
2162,r_0k2yqAo1Z4tg_IgXr7Jg
2163,BUsmaloKEZeOvXLrSjKWSQ
2164,FRiT2RI6Y1nds1jjZqvnXQ
2165,9XOzi2IIibwtnGOvtdDpjA
2166,tGx7BSyqWDeppMvt2aQw_A
2167,JPX0beW1Hlzj_ztn17aJTg
2168,WupCl5odiu_3F2lBrzDpsg
2169,4VSP4PlU1r09iSC4BLr6tQ
2170,Mysd5IypHqTFkmHlbQeOyA
2171,6gugg5XY66ukGewmOptSKw
2172,jgkT9RA3OCBqgniWCkwLrA
2173,G149aO4XXAKBsUcksvuI7g
2174,yc5AH9H71xJidA_J2mChLA
2175,wdlgdlZha_s2dUrm26siLw
2176,DXkZRQ--Utku9wYbZ97Yjw
2177,pF7uRzygyZsltbmVpjIyvw
2178,CqbdMzc-FmF-ISeMJOZzyg
2179,FGTbFEyNmsPoDoD93T8iSg
2180,TWD8c5-P7w9v-2KX_GSNZQ
2181,Eo-Z9VgBlQgg1Vy1QFwwJg
2182,eBPTPMi_yJGDOs2ca4u8DQ
2183,x6nqtTyGA-jvUyy_5E7mug
2184,Mb46iSlA4qmTwXf-WrqtQA
2185,GjvIDOEhdQB1oPrFeSpxBw
2186,p2OalJojTCfCYJpGEmcusg
2187,WgUttlJ3fyoOuHNf2T64QA
2188,nrnnVdMNJHn8H1FtcKeybg
2189,zj2Olhf6zQGvm3DtCaEXew
2190,KFj-E9_30TMy0Ryq3NBEHA
2191,kpzzEpXcHo9yzhUcz14chg
2192,MMLEhoPYQif2PEIVxAfIKQ
2193,MbrG2h5sEH-V3AkQYcX8Sw
2194,S4nbHSW29N0rcXkIlA-wbQ
2195,HVVrDtb8lMxU4Rd2Libo9g
2196,byFWmwlVSmUj-AmM6NZYvw
2197,5oaHZw1g-Rbiianma5zU5g
2198,4KJmtXPuoMfAaSROE18sXA
2199,U4BbM48f9xoEiS7a7ji9Yg
2200,sqiSaLnhUbM5m2C-wCPIiA
2201,3NqERLqdtQSe0w9540rZrQ
2202,k2VWmgtAOT1kMHUWrYhrAw
2203,KMTrE9KgpKUGgVx3U45LnQ
2204,ptIRdaZlXxuVJTiJDFJCIw
2205,ET9F32B8mz3q8lNmtDMlcQ
2206,tsom7jUEr_DetH65ZtEc3w
2207,1WZi3bBMy20SEd5lnlbG4A
2208,WJ5mq4EiWYAA4Vif0xDfdg
2209,AtLFI9nKXeJJWS5d9Qnqug
2210,KV-yJLmlODfUG1Mkds6kYw
2211,d9JI2Js8oGOeVQDr2q3KQw
2212,jS-fx6aupaY8x0fhjUBGiw
2213,RUv_t0JTrytwsRwC7eHs8A
2214,SAn00wMLNfjab3W1XuHACA
2215,qXG8IlKuvy5k9fJ3y2gLgg
2216,3gxFy26l-1_s30Itk0OAYA
2217,gAwoeSYoyVjp5rcwnaTz2w
2218,e-U3s4nPAR0OK4RprleF4g
2219,kTOgIUZPf7cWbsKS1SpO-w
2220,9_FIneSa_gZp56_RO1Zhkw
2221,GBmcKiTcooVff2T84b7dcw
2222,odhXwWaYZvD_icIN6f_DbA
2223,VD7schMLQg85O4M8Gxr28g
2224,vtWYMSCfLzoq96VKo0Cv0Q
2225,kEaQt6G55MvXh1OW-1VCzQ
2226,0J0A1oWqwlKEGYC8wdnLxg
2227,XWpkTxBLgRXxl7g2Hw62Qg
2228,cM79Jo8wO8cF4MjCKlHofA
2229,u8bQvtkVa5lW-SNwRLH6Vg
2230,FnX5RbZA0Pv546dMOUDAUQ
2231,Xid3zRo37or7flf6h48lfA
2232,PEsJsa3hXs-lsIPMag0mEg
2233,JJGkhOmfOFamPbCAaRKPPw
2234,SHfUGBOznEtDhK6WbVrvIw
2235,hPk8KDHfW1shTheZm62efA
2236,vZ4CIMfeos6K7OyYDIlwrQ
2237,h3dNZGy3_XWJ1Ew66s3JNA
2238,jBU3y-V_F037YdTWuqF_uw
2239,-qv60txNVfg5pJ0b0w-QJw
2240,tf5qrrarVIVYOy0evKrayA
2241,QpDqCDp0L3c7U36We4_duw
2242,k0EfcQdHrgGuW-4DVR8XVQ
2243,UNP2ICp2pJDdj0dz2tuODw
2244,cjUmPLRT43wN9Z87A9BOpg
2245,lJNZnwzKEgrr6Uk0j-n20Q
2246,jaTQJqE3bBj74YfNFIsfwA
2247,8YIjVRRk30INSm4S0QAoWQ
2248,W4A_cYOAHhOQ-wb8E7suvg
2249,v09FoMKbdO0Af5G_9fWbBg
2250,4J07YpEObJ78lyaQhN8GbQ
2251,7_7fxuG9ESAFmx-AiMsJHg
2252,YK9JsdBPgMvVSIGMuplX6g
2253,TjUfSlpcsc0Rqo6U6MfM3w
2254,5HB8ENzXYe0dl7O_YNHXAg
2255,TsDD1Svyl1Oqf6HImW_jHw
2256,m7icEOgYpM3B8TlbYsKPzg
2257,nmj5yK9dZ2atlM9RYDCRHw
2258,6R64RobXc6wzbKHmZtGo_A
2259,Sb1_G-DMy26YHafNxxhVrQ
2260,2h9LsLPdJ7OvZrYJZhVdAw
2261,wzk5FU5ccZeRduXzbDzcOw
2262,2BSF6wu1V3KfyFJf1DQ3DQ
2263,Sw6fuvRzMpped6WcFdsLwA
2264,grhCP8dPI7X1Zrlw23vP1g
2265,3g2ofV7mhEoPyfF7vFMObA
2266,JhupPnWfNlMJivnWB5druA
2267,klCQ1ytgmCgJ1KvlR5Y0_w
2268,FLs6h55DYoJHnDv0k1vKsQ
2269,XAaXT0e70-USVYVKcnljsg
2270,6uqzV9LXu912KixFl36vbQ
2271,r69rxmc9pdU4AnZkBhTNLA
2272,Ucpbu6vBSHzUM6JzRPlj_Q
2273,9S1tgwjtErBJywAlXuSIlw
2274,XpdKTCAPOSUj50fTnW94aA
2275,sNO8Kg1pOtVbxFwHv7LH9A
2276,4Tj0eE8t5-XD_X0Zn_eoRA
2277,CMaJOgyFrX6gVsJGm1bttw
2278,ipMMVBGEWABP4PIfudvRVw
2279,xHI3saK0sAJEHeMK4IGVvg
2280,_uDBUffKA5bJq1MhXJFiww
2281,5-rL_08xlI2i-xsswFyYqQ
2282,fKBqvn9UgvI_m0EIOr-Nvw
2283,lkVYVo2msogenxdKcnh0XA
2284,FURgKkRFtMK5yKbjYZVVwA
2285,x5LrBYPOFlarnDvUTouL7Q
2286,o5Xu5zGBgL4jruUXudm2yQ
2287,988wgxhb7fLwsPnPBw71rA
2288,L7pERyEB70Vo_sb4T5dLrQ
2289,ojjtPlnSmCX1zCzWL7JoNQ
2290,3Wg1LVOommgixgqwk-gn8w
2291,VVeogjZya58oiTxK7qUjAQ
2292,mopddAK-ajxxRcN9w6YGHQ
2293,RGmR2iBzqI3LEMDE6J8nJA
2294,D9EW-5pB-FvG06IfMJZquA
2295,kOh8ZHf8CkFQCwyfDvVJTA
2296,Ijs6Fjhs-RETgbWRQTXHTw
2297,7kMvnTWcLjCbSL-cVhveHQ
2298,hr41l2QX7OHh3k_x0Zk2Vw
2299,riTkPznlAPl86dazAjPO3A
2300,b5Nz7s2d8FlJMRlTHWBNOw
2301,5x3aA0DSo8nqU13IZyH79A
2302,efnAZU_ozloDkyO8lFbnfw
2303,oRBpX-6JEirEur7qzEQ-3w
2304,n6Zz_KdxcUou8b2MSoz2tw
2305,_WZd1YRYAX1d2hCxmyjI9w
2306,8jG_Z1ERXrPTtqC-yEJFgw
2307,uJYw4p59AKh8c8h5yWMdOw
2308,bygCmRIxMiLjs66Qf3whSA
2309,UI8iKvzhGn2qZCGIqtQqrQ
2310,dWW6PSpvxTXH0aDnYwU-fQ
2311,szw8OGJlsqaA3i2oe7dn9A
2312,0RqNRc6RiILzZxK9J8Kqug
2313,1bnte8O-rO_RcRlp9y2u7Q
2314,ohj6J6UEZaGOYh4m1xXa4g
2315,8FnivFJz2rtxD7F1Z1y38w
2316,dn2rubA4plfH63B6nOVioA
2317,3jqOv6re-xPYOg7srmi7tg
2318,4tq7gtfwhEEU8SDHXRASZg
2319,u0NbikWwP7TVkMkCily-4g
2320,artarS4sKnWvyo8njiUxCQ
2321,sR9lSQiTuBg8zsIw9Zd-Dg
2322,HbWwVvpXTKA1PAr-9TCj1g
2323,JVmC54M6XBrjCBim71ELtw
2324,Kqn4J9NTgZdMAnV4HuYh5A
2325,BNOFxq6AAXamgLw_tzbe7Q
2326,5GKbGn9-fAgQ0njSh3OJ8A
2327,qHqb3Kdy6hWx2oDWZkQu0A
2328,fjAQGf-iJlVjD2vizzuORQ
2329,52QtjHlHoa7V611bOvv1aw
2330,bfDQai9X59uWK-XgP0t6rA
2331,1WTH8nYiGOMUe32q7WDx7Q
2332,OAQoNECtxntebJ4LfLykWw
2333,kAsa6h_m2C_cHS3nuSjPJQ
2334,aPXPWkuB9WTPE5ZpOCF3fQ
2335,gWQlTK3o29rZGlw2YLUnhA
2336,kNUuyGgOEhgRoOOWRO3BsQ
2337,PWhVs3aarTbbknYGBSDgPA
2338,Zruvunhqw7cuyuoe7g09Gw
2339,VlHp9AFc9repIF6braYCCg
2340,FsZmWAl2HH0aS38ZaS9Z2g
2341,OTdp9A_3CzYhO9FDOlu-Sw
2342,ZWbvjFC_qE21JUpGlAU0Cw
2343,VdY6qe9afspFwsbzX1HsOQ
2344,WW0dse3O1iLqiR-DxjTVBA
2345,CEN7vLJ4uBO-rLt9GwgF6A
2346,VxV3IHS33O4ha71ABE8J0A
2347,T9WBfNphrozj0Ww4pyAAww
2348,IR1vDeNJv6vOQgWdPe7VsQ
2349,mggJYX2cN1Z14PCPTKjFNQ
2350,obYD-4HxZ3gqhS5hPJKG_Q
2351,MqPRtyOXXJF-uUYJPK-5sA
2352,eIxSLxzIlfExI6vgAbn2JA
2353,yCGL-5fES1yOPMvBfUDDHA
2354,0cvZUir2H5BnzRD6v0riBg
2355,l93r5g1WX4Gy6aB4_2yTkQ
2356,b74OkNuf_AdlweBn23qTdw
2357,kePxkm183BDiOiDcsjgAhg
2358,zxjMiqlfUuIQRltSuj9FpQ
2359,HKFx1r4v_NIOjMfnghZlNw
2360,9AbyBqGWHYZC73GlyAuTrQ
2361,8z-v_pn00BcnrWs9bacYUQ
2362,jJ_wv0fbdHqZ5LICd4Htgw
2363,6gm0pYy-YQRJwtavzlXUJw
2364,YgqexscIgNoMBAO__J97zA
2365,hMlflkmRWxJ8xx0Vm0IROA
2366,38KhRIDuTTK3HfqyWLFNKg
2367,Nu_IcBFRt63p2OHzF2hUig
2368,ut-kla-EA23nJOij_dcL0Q
2369,Tmi_gK2aO9O_HmM6lMvkNg
2370,84NQRcMC0ldIC86yRw0vpA
2371,YJmHANxQvmldWbxqzwdaQw
2372,LaUs600dBwdkZTRJ4wXWlA
2373,NL5fnkELhsdTTE6jjROvyw
2374,x4L42igQPv4TFlqGR2Wthg
2375,eskXrZERb01mwHrNKv5eEw
2376,TTunDFTS86JZcRkLDSicrA
2377,A0XfklsS6vYFWRI9HifTvQ
2378,xBsEliOYTkbJ4XQEBmUqkQ
2379,UGogpZhk0pkBNdvigzTvng
2380,R1kKjAO5kZO6d0gQGqrvGA
2381,At3-UbbYlmBAXYt1edegrQ
2382,vcl9FImoHIG4tCWLT6wZQw
2383,U6oNWTxVTnuuCL0BPRZCSg
2384,fCsGulM45X6S6TDMy1Zz1g
2385,UIqKaIBPgkIW3M7coOIZPQ
2386,6_XNaQYrW2wTv0ymuOPUyA
2387,_MkEsZayoYMMOXE_qCJYgA
2388,iRi5YmSskdL-nAkQVtxDWQ
2389,qGnH2FnIYTGeLbDe-t7t6A
2390,TWeA9VoP4hBSJtk3uHTEzg
2391,aCQ5J6y246BULC7COBRATg
2392,dsh91PoFIn_gHCFEM0okHw
2393,_TekkyyFeX_8MBepPIxuTg
2394,XlDKKtFbMGr27d89EDhTtQ
2395,6-un66T64yBWFClv5l4pGQ
2396,HLCiIpL2ODLmcgBExJUJ3g
2397,r9sGMJ084n4IS9eGmlCKjg
2398,HI4otGdtdLr-Q294XQFTQQ
2399,3ax5VsgwzNRAjrWcozCPBw
2400,PqTX5j9yfsPbd1qQCA1EwA
2401,pT9ywbF_an3wUxI-dGIzXA
2402,Bt7lGzIlPGc13iCXoc-TIw
2403,NLEy6m6hvVyfy0X829QGiQ
2404,7cP7WFmWiTVh-raIL3N_Vw
2405,Hw8-13eEQKdtTnUxwUkkHw
2406,ZygV0bo1lfQ1ZRnVc0Uwlw
2407,HBRZ8oaROD3wLCr-8ssRxQ
2408,hGQsnkndreW7b26XC2HVRA
2409,Cyqav-yBpo8O7VW6c4-ohA
2410,IWrYOgZZCxAaCiKaEWetAQ
2411,JW6fDZOuUKtJyZGeldh0xA
2412,2lt03ZLGvgPApOKS7eKGOQ
2413,9Ep4sguv3HH_8lWyzSogjw
2414,JKMGWsZVdKrZ841foAMM_Q
2415,ryhbFDHPX9r1Tjw10wy9Zg
2416,4MB98W98rKBU0X26pTbw0w
2417,iyiBgUV4Z1JbN_tVqlhbVQ
2418,LMG0zsAkUSscIvmV9vvm3A
2419,VbI_ryrGPdNRaDrYRJGMiA
2420,ESZbVYzcM53NOWj2hVE-Ag
2421,0L7nj_kFVMldRrZA7q6rvQ
2422,H3VRP8dk_qB_7NYtdU7x7w
2423,1zaHqoc7FyzQW3idhf4q2A
2424,c0ojm8FYtIrlwdmXpiQgPg
2425,zofs5Ig8kgvtFyp3ySoSBA
2426,7Q19H5nM3oFRyCg_j0QV1A
2427,6dYVigClLIUpvsg7hsghJA
2428,V7aioE9U07XdJbLCpllxEw
2429,3ovqR1z7Imm7uY41m8_iIQ
2430,u9wjRhUjySkHPa_hG3kFOg
2431,p73kWm6xxLuJ_dNl_LuDcQ
2432,zS756CK9okeMO0awWoGsaw
2433,UzwmwWbLyxInwNZZlZAf_A
2434,WfYQE-MZCQb_BOyW7lWh9Q
2435,PZv6SPORD9ivj4jwKvGgjQ
2436,wzgmxN5nTrCdFBaDDQI2sg
2437,LcAamvosJu0bcPgEVF-9sQ
2438,FiSp-Nqfpz9dHuVLcAEK4A
2439,HWaTBilVIt9Om4X0SG_c7g
2440,3HciJAVduCRoPDdzgh7cAA
2441,rfDTJLEwZZ2EGOZiTDdqQA
2442,X6mWr96ibKdXQSA6mpH90g
2443,6_3QPRIym6QXqW4DTVvXmg
2444,xWlCgISVtozxCztPA4nGaQ
2445,DMceg2k0Nnif0ljgP3U_KA
2446,MnpF_R7QAw7WDYmjgkGKwg
2447,lc00ps-ohrWMDoobK4CzwA
2448,9OPheVf5o8sRcRHxJDl4-A
2449,Qd12-z8Ss4pdqQim0yetKw
2450,JmUf7RUDjFc7PhCAMSHSuw
2451,XoW1XxAqxuh8EadwtHSyig
2452,t-uJbFctqW2eGtlAIAI60g
2453,xZn4xgGPOZ9So9RI_dRcsA
2454,5uQ8X2wWTB0QnuQImLy2IQ
2455,nl5ifGmOQMw-MlMO_tdnbg
2456,vZ2dPk0fPQu4wrXx-DKeDw
2457,-oXB8Izni4g-4vOOBwPjkw
2458,WwNl_1fzeCupBysWF1rLLQ
2459,yS19qXlnvF-cWIGMIMSoRg
2460,d840tbYJSVn8Fu-n5XRJTw
2461,1Yt0N8g7d8Jz3ASnm3Bm0g
2462,iqSs3u2rlsiCDPu-jWj0Jw
2463,v0UcWfHvGgYZYFobaSOr8A
2464,KyLmGuB-EjpeliQO-Qu9Kw
2465,5tOBwhpaFO2IjI5yUiWbZg
2466,Hgbxen9iKGL4AH6kKgC8YQ
2467,SsL60j4ut59-v-gjmM5PKQ
2468,yjkLet_ngd7-uN3Y6D7tgg
2469,qyqOfpsAC5ooVROm7fB0jQ
2470,JsPe2EU2oP5eGyEkX1tYLw
2471,MXOdsPTLQPsQK9hUq01DWg
2472,VxnV1uMZURUQMNUaPdB8QA
2473,1ONHtBx7aAU4Gsr_jx-pGg
2474,fOup98Vso87ERYQ_6eYmeQ
2475,dxY1gl4cO4-rEFATCkFUIw
2476,mAsGRLsm0F-J4NC9CT7CpQ
2477,FkHhy6kWeoJf0xJTqzRWmg
2478,neEGFNmmKibjExB4_215ZA
2479,Dsvx2LEC8jk9nuGsg1Kqhg
2480,ROQQk4mCm4_tebvTEGjhEQ
2481,ZTuzUMRsaSJpMRqeu0_eag
2482,YKOvlBNkF4KpUP9q7x862w
2483,KZhHgSXyR1YyFWCBVDn07Q
2484,K845ZDttFfx99zQ-0aE2tA
2485,Mfv6gumcyhk-RXCCR7JrFw
2486,TqHTtjPANCBKGsjGBjDoQQ
2487,thlCF7B2DIhkOuyQXj6liw
2488,NlQ-w91Kt58nvyULncE9kA
2489,lHCRqCY6_6_hKSgkH3phdg
2490,9GYqj8ZdrAr7feMWpPGQMA
2491,6md4A90THda31wTg1bB3hg
2492,b8olDL4gMsQXBT1NqBkhWg
2493,O510Re68mOy9dU490JTKCg
2494,azBHKHqif0NXO3xcALo5VQ
2495,s685YHkO3lcId41bjp5KOw
2496,6w-hwYu8Km3tKp0RFTp0bQ
2497,ZgWUM594Yqk52IvBgoIrdA
2498,xzcbAF-YsyeCr4c0s3uq0A
2499,WcGTSRku3mrVK7V9GKq4UQ
2500,gCXML47k7wS2je2DgfAKAA
2501,SnUxHYQK7pP72IlO-T9Skg
2502,R1bPKnsV9izGsoeyJOyBBw
2503,B_Zpa-Mg9GK0awT-RumSEg
2504,dMwwBt0BcE4zfIiBBXMogg
2505,a4bkifxqPa2hTYll4DL6Wg
2506,upEYCgGGZOuTvwzqnKZK5g
2507,_tWPlLKRenyHPvkxqZ2UQQ
2508,Za6mUtzFI9wIpQCsarKJvg
2509,PPwJTT-eLjapipmyQSgi9A
2510,tqn7equmFCyrkkJ10iU1xA
2511,M2PCgCdlY4t-FwYnwLfuOA
2512,n7sSfNtNYYcDZVly7_CTWw
2513,QnAzW6KMSciUcuJ20oI3Bw
2514,-UYjmGUMMVWrOQmhR3kI8g
2515,-eEZHb5r8ZIzFfZAtekg1Q
2516,-RWF1l9kbp2woe3xoQYeVA
2517,xdwPHc25l7_roZ9Kfea13w
2518,dbh72sNyNeHUgJqQye9Vbg
2519,ule9jCPEVSeO7gWcPxj0aA
2520,7q1FpSXbE6XtLNg518pxDA
2521,jiWAo2z_seY5pQwhzrJiYA
2522,Z2F2FEG0rEVcitxAB3KJGA
2523,svoahtxi05CncY954Vu-uw
2524,iO1RtDpu9xORD-Nsy6tNlw
2525,AaYHMYoeOt-5nN32vTA_Dg
2526,6eWioCKMsJU5goe_jbipyQ
2527,UOLoBdnMv0Nsxdxe8xKbYQ
2528,MRUsPIVywMFDZHbfDa6YjA
2529,xDhGewAN-AaycOzK0H5GQA
2530,Db75Zr2zrKyiWzVUPkG2OQ
2531,9SKdOoDHcFoxK5ZtsgHJoA
2532,o2BeeJmpf_J9EmC8HQoHRA
2533,U-0hMfagGtjYZCYB1i0WNw
2534,RhbOa-Ft3sZB4B_1j5LfyA
2535,P4ORLZJfbN9yExjg13gVMw
2536,6xnPUriIYokNaocrKRWMRw
2537,1CNKe3H07sLu6rigOpAYsg
2538,3SVc0wqI3ulVHR9w_CN6-w
2539,IpNUCg_cKUWk5bmepg1wtw
2540,Qlmbb23JzMC48ubUdQDlEg
2541,ZDXZGMpA4IhIqmMIMdeHlA
2542,1eJiyKXx_ruNu6F36BJQCg
2543,HhNY3X0kyrN5682La6N6Cg
2544,qZXZvY6Y2QreIYcS9uv65g
2545,yFWA_pksiZMY9ptJR8dEFw
2546,awM0p144EFHee9BdD4rw9Q
2547,xK8WQgALQcP673X3VGvqOA
2548,b5cEoKR8iQliq-yT2_O0LQ
2549,A3xyx-Y_-t3TwBD9E--Zzw
2550,f5eqFho2fWVggLKXdTh-zg
2551,edDmYTcsClAL9XPR8YkvnQ
2552,i3ogCoQD4MY_sR73GCk-BA
2553,24V8QQWO6VaVggHdxjQQ_A
2554,CMTDZRDnv_O0rwAvRVbjvg
2555,-584fn2GxYe9sLsgN2WeQA
2556,CVBYF1AMlrZbScRXX8d6XQ
2557,zqaazagMMiPXU-84Jgh_mQ
2558,9yKzy9PApeiPPOUJEtnvkg
2559,A8if3pXzkHpo4FaabSICRw
2560,z04vWCDuWoAidvv54X8IdQ
2561,9vXfiGOnlPsiEE3PotbHcg
2562,DqJij-nTV3yvmJqfd8KAOQ
2563,fn3O1E8rwu673ifipPXPvQ
2564,ss5gVggeSmAgMUeL65UvYw
2565,954y6VqGy0pEwBaqOBrlFQ
2566,mpXeChWrq1bcRWAEgufY9w
2567,vaqmESluryt5i4Wbkb6KRA
2568,07AyHxEKx-BTO_pKRLG4Iw
2569,IW8akWZrM8i9ce4EDe9Rkw
2570,67-DcR8Npwuc9lRph194cw
2571,sHgHBqs5eaRIOcuJiNybzA
2572,33Am9frs0Bt48Zlwk1uVHQ
2573,GXqBm5N0yZ3-rCd6hgUM7w
2574,Ljc_1eMnbtJr70lGmKo_yw
2575,Jbv39pK_ConiOlS3Rba05g
2576,viVNUK88__6GAlov3cx13g
2577,sphMxGkYY5OR7uleFxk_WQ
2578,56dxeiBfZkfPi9od9meJYQ
2579,uYj2NO1HZRNiD-de_pSdJA
2580,uvEY8YmESqVYZe1Ziz7AKQ
2581,RxKroPavD49S_26WXDhJaQ
2582,LWtoosGlzTOp8A73Jh7cQw
2583,0QrA-Klgp1R-GzUr6uJS7Q
2584,xbS-MXqAbCNXaszvVNrI8g
2585,YxYA0n_7OiFMnDsgAOHwLA
2586,YppzR-sn8y15dmUd1lLcfw
2587,k8bSp5BfCNCKqTXcKALXtw
2588,DcmPp2mvx6jAMHWFxgyORg
2589,UCjtaUCtJPbTUouHtQURvQ
2590,Yin_BwfzTOdC8VY9ZD4K6w
2591,YxQ1ssiSvjmprGHKygKfcg
2592,wrkErbl0Pi4mszqdqQ8_8g
2593,Xobu8FzHN0KUm5Lw3swypA
2594,eR5_1M5Xs71K0WEfRtbbRQ
2595,03jjI-SUBkV_fhDVP5HQRg
2596,af4saM2obxtAbYfItxb20A
2597,b00oAg3uXwh92OQ16XbKBQ
2598,XFm8pUV58qOB7HbIGFLIrw
2599,OmlIqAy3NNXj8JGpefhRBQ
2600,4V3_98M4SexonrOpE4Xm0A
2601,qyk-4Pb-VzqMpImPIAulCw
2602,L2J3JfjXZLnX1rLhWKthqA
2603,nUIkqgFimmLsB50WXVwTfg
2604,7qqCpQWgxznOgBsLgLGbrg
2605,eynFPdh_abRxHtrh71xlWA
2606,117Pv1lakUyYKRoko0zvQQ
2607,aLMStInNBczJKtIJFMlwJA
2608,vcLHeYauRsqqlAUzNVvBig
2609,YNx5vtfjtwXZEk2kBQoA9A
2610,XfVGU6WGZKc867spn2TImw
2611,eA-qHFglOMhHwXcnHBRpNg
2612,Nqcl3hDLyiwNQBxQpKCdIQ
2613,VXIkI9_EbDbYHeO9IzKjJg
2614,BAmup2ndKEp9X0e5ekM4vw
2615,w4SGmsvFzqyAIs7CSQ_J-g
2616,TtgqkVKV47I_RuVYl-RNJw
2617,KO9CpaSPOoqm0iCWm5scmg
2618,CgHcO651uEE3aalrkm4boQ
2619,vewoobL7sNij6Ry0duFC4A
2620,aC64zob2zIgnBDRHx9HmXg
2621,wv2AUfRGki23WqQ5nul6Pw
2622,eO-o7FRjNEzcSEG8pakkzA
2623,wjPlA2DQm4VpmhrkyzRmMQ
2624,OUpcKYGbVYgSS1Oo7aQ56Q
2625,n0ijj5eufoBC995VXhT5vg
2626,5kaipDZDx-Vr83DEBWGR3w
2627,x9eDtwn1en3hTtLG-npALA
2628,5JttbbCsaLK_OmJt30CEaw
2629,mzotSaJNpWydcoVX7sr4qw
2630,Z6aaze-cgaYKKXlpuH9LqA
2631,kS0EzDlPx_Mdm_qNHU2gdQ
2632,YHkyDxqmAPXGEEOTgumjSQ
2633,oROwok1zOHj5Yt2tPIC5hQ
2634,TxxhWPMILH40JlZbX7KNHA
2635,DAOoaurZxekzu5ZrYAT8gA
2636,zAv8Tn8ljL6iPAkoYeRnlw
2637,mdpVpp3YjNM4OOeIcxKyfw
2638,If2DUhmWIvlu2JFc_rR-Bw
2639,nofTfb0JTYASuOeQCuLfrg
2640,SOYk9W4BOEUT7tKwT7p1UA
2641,498NL-xZfuGa_7D9obfJ_w
2642,dcd3C1gWv-vVdQ9XYV8Ubw
2643,6Rcn0whH_AA0BaONMCbZxw
2644,Gn7bMxhZgY0bivsthvJWJQ
2645,nY2QBNMEfT3j68j-DHOGyg
2646,W4_XepgslfUN-8j3iYAXwg
2647,5n6vHx8zUL9yRvVum6WOOg
2648,uS8SPE2PTZSZdy13QFrpCg
2649,bLLYFwl3_CPRsquqUSoneA
2650,0gsYv0BRBxd5wDYDsB9wDw
2651,rVUEZpHQfWI_3kt0lBwaxQ
2652,wH8J9TI8ReocYZ3N2W04bw
2653,nUUYvBafHYH-O4Pht6lgsw
2654,GKTS7PFoF_GpycUKXDsm_g
2655,8CDbHJAF3MGyBIDRygLw5A
2656,hp_zNe_BcfC5Y9-f49DKDA
2657,5yT-0wF-QK_xAnFkymam6g
2658,dZAYHS6wPS29reboP959fQ
2659,7tPe20uDErh-iSkfNEWzVQ
2660,lf42gtgq_2_jPvjfp_K1nQ
2661,CdqTxe171tKTOkk8T15GGA
2662,SIG1QNMpmlVZZJM15qUklw
2663,WjAekWem6uAYd33z7cxZpQ
2664,sYZt3f1YFlg0ycDMyO-vJw
2665,PMzOFEIcK9j4DPZ6jl9y2A
2666,82yh4-ZTPaBaKFFgY5kuzA
2667,KgYyign5UG9nsiJPg6G1Hg
2668,PzYjXRKgDwjVg1YicWuYLg
2669,2jCyo55dFgGzYpoIX8TwgA
2670,i52eORoeWujZ9y_w3Dos5Q
2671,KJnVuzpveyDrHARVNZaYVg
2672,aRaeSj5VgiNx78qHuGGNNA
2673,2xczXFsc4GeilxL8B8R3Vg
2674,GH24nKQEuoBf-SvLlim8rQ
2675,kFy_0I24X8jTVLOdJm2NnQ
2676,S8O3BoCDEK-te8U-0IvZog
2677,bx5Yc7-_E8wz3Lahpq88mQ
2678,4SEaQmnUIpqZXPyCmHZc1A
2679,k6Si433-EJrY4J7SZxsnjA
2680,DNdb2LwLnMiLIhFJnYRoLQ
2681,jvvh4Q00Hq2XyIcfmAAT2A
2682,xGDqOTZswCSl9AwOWkSUhg
2683,bY3DZERDCvEb066dUocfdA
2684,3R3fjDKBoF8-3eKQKXdrcw
2685,M9PFIaQV63vq_vQdnjIzyg
2686,c7VgGP8xT25OSReok6fwcQ
2687,3OF6i6LTzRXpwNgodv7aeQ
2688,DUJtg-P81WUq5l6D9WfXMw
2689,WSn5MVSNpagFlRI_Z7lMGQ
2690,H2cAZyhfADarH8Y2VCEwVw
2691,FYTSjP3qXlZTX1fgnAxHiQ
2692,PQNvQ4CVpbkgOtbzpS1WFA
2693,m2hNiVSnMvXVRLMtsWUG_Q
2694,Lbue8gqRiBPEnA7g7H1qdw
2695,-h-q6zTIdPlkz9BDP11sBg
2696,lTvW5TcIVIVNmE4_LYQ4eA
2697,fS3vkmeGmLB9TTe8nQsbsA
2698,-p-9eBYvts8tcalo5IWOKw
2699,Yhfp_vgnh_GirZGeVhj7Gg
2700,YuPH4GmN2OGIHKvG9AQYRA
2701,NRplIbvopJvEyZgXFBSUuQ
2702,7N5W7tIRFRNBMPULy-P9-g
2703,MJ6_uOT55dq5ALphFqMVkw
2704,6j8mr_RTiT1AGcMnG6akUA
2705,OEUIE8VBa1BbBfr5EPcTOA
2706,yfzr4CJpDnbMYq91ADc9dQ
2707,84P81rt77GXdsRI7MpIlLw
2708,GVWolP9VMD_iyOf4kkhBLg
2709,dLcGMPuojXYjfbkgrEgO7g
2710,lTb8TqAWIpAL9n0UyxHQRg
2711,CIOB6a7Xr0crY1i33-ireA
2712,1h1EyMaYlyd2V5PITu7imA
2713,vdFktqVjR1cjs0fA8hA-7w
2714,-n8BELX8Xd0rCRCGYd05xg
2715,CXtXYZRF5SWAIzcjAOM5jA
2716,Bj2SVQIvkcBaGgOvEUeRLw
2717,g-CiH6Pa-rClhDYlHGA-Mg
2718,XY3aIm-0PZMXXkVKECD7uw
2719,J66qFJely2dWxlpMECCA_g
2720,k-ZTmIRDeZUvwiCGN51szA
2721,1vl4-5il_LGtDRxUCy9ldw
2722,lhSjLswRD8jh6SNGc2DCSA
2723,SvS58LlrEMHjSwJmpJNKGA
2724,Yu1D1IlGUSNnsi6LiO7MNA
2725,0cUVCdY6V7UzSwkfy71IYQ
2726,QCxXYA13PtkD3wec47_r8Q
2727,9YUe5J_cPCBo_mL7-z9HCQ
2728,1dC3GSC5bgQf9wEp-bv8PQ
2729,prieQp5JNe6OzdiuMR8dFw
2730,bKcmSucAGlKHwwVZNvhI3w
2731,0ONypOKIhttBz9IJzBE8jg
2732,z-vuSxK4jQvRBdsk4lFCAw
2733,Ht8mXLuqJSTPrU9kvzosUA
2734,05tazaFQt1EnQ_Gk_1AFyg
2735,6rqhrsI9NnDX1H1F8syL8w
2736,N84LyJdpPLoGc6Pg2Y46iQ
2737,WNy1uzcmm_UHmTyR--o5IA
2738,kIFpLI4idnr3JmAhII8mkA
2739,XT4z5DSuP9g8tbuvylnupA
2740,OSL98Keoc2FSNx4a3ge5Uw
2741,PxeX1M8WtyPxX1MuuGIh-g
2742,AqbgC7Gul5Es1rRzGNLDFA
2743,V-mvhyX6lxu5l2euYatlrQ
2744,oc0Wl6ktfMLb5VZ2Uz6M2A
2745,MKHWHs2mfu0Hvuv3VKgdlg
2746,nDHyino_t7O94ZzRHGUApw
2747,16qrX3INS8ibmfgYtWkIfg
2748,N8cJk5s9yW3fLeJyHQeRAA
2749,5KG0A3WlC7K3DAXtrIFFjg
2750,ycBa5cnSa6hgdB7rb9rdiw
2751,ePP0Eqz8JKSbtdt2phiB4A
2752,qH26i7zQuOISMA8fbOJB3A
2753,alWTl5MRC4VE2t9W1mNSIQ
2754,Y9D61SRDiTAYJeaVbqvbFg
2755,nLn4yNELpgpWADSHdIcCsg
2756,6YWp7frmHKuPLYSlPyUdsw
2757,8w-CNKTX6dxs10qqRGCKWw
2758,ezM-93i6eNb4LnYp3J101Q
2759,QBHcPkoRsPb68Oq7zRj44A
2760,-PoxCIqlN6tX98AxC0aPTQ
2761,fTFgrxLjA07UdR-1PKfIng
2762,yo3zehm-cIQLO1mtDsMGXA
2763,rP3dnTkWtRUPtcFClkZ9lA
2764,Y-NqaDy_1bb-Y5dQ33x-Pw
2765,A895WXshi69YWimSj9sftw
2766,wRFhkF1rBgybxvA-0Nc-rQ
2767,vBDVxjMtXzZ8GUhV-1L3Jw
2768,uqisw8IXD5ZutU4MT2MQVw
2769,BuJ40Y7c_ERYmkQGoFb8zQ
2770,XrEXdKVM1naBkuOcLxU7PQ
2771,SxnLiR69tYAvYT3mpW0xig
2772,D2Df5ViPfUCcKWsfCzSWCw
2773,UQvi_2vZg6bwlxpZbI9VUA
2774,J4qLz0nGzCTMf6-kf_SiQg
2775,mNVi68A1thk2cYnW_c3e7w
2776,XyE2QzPQjhvMXpSyw5Kvog
2777,MAhdR4bZWoSYbhMGrLzm-g
2778,jJhNOhuGpIsJX5SEUFFWYQ
2779,9ziO3NpoNTKHvIKCBFB_fQ
2780,f3mMBXe2bTykzx507-YNwA
2781,FfGdMZAtiO3vy8N5rszKwQ
2782,iC4GswQEqVZpBhPfDYgPrg
2783,l-fiUbBlNcmWm43hkw8gHA
2784,zARGEdB0JyPCPR0f3FKGxQ
2785,ehaKxqZX0nn-rvFFhhL0hA
2786,2GIfUchYadO_ulge3B6nlA
2787,IL-dB7GQto5JPtIXyStMtg
2788,P5HKB8HcrOjiWWS-7rd9UA
2789,Ba3-fDVhzLahunTUEMTsKg
2790,YldXB1hRpnE1CWLF3mvgpQ
2791,XTc340DNx31orf7FR4DSkw
2792,qCDUldhRjpbAtiU7WsMCdA
2793,luCSjoNQ9q_0QIjKKOy2pQ
2794,2FudHUhV9U54dm0S1ePuCw
2795,085Y4PZ5Ezvh6SCRzxYF0g
2796,_viHcOY9w_CitP4oHpZYdg
2797,0qOf05JyHJopL0mE0qWMCg
2798,P2dpstAB-U4as4vkdIDZow
2799,zZXLeL6fXP7LlhJ73-c20Q
2800,wehqTDVRZsOkESgAoYBhow
2801,GFEOZvCMMIrSQrs2tm_brA
2802,JR95uaM82xBUIZ-kQ785iA
2803,DBoebGeuz91QAP3tSFYs6w
2804,6hLmXrcXELRt1_H1I2mE7g
2805,kKjWZjSoc-g8mG13Lwu9Pg
2806,C5Z4_e6ckgiyBjK9aXHK_A
2807,ABC57h7Dh1Vy9q3cztAm5A
2808,W3rnsfNRqfimKVIKv9m8pw
2809,tPqGi4Bb5plWgNxwGCEa3A
2810,MiTjZ1zRGm8axG3BjsSA8g
2811,mx3c2uWhm3_3A4U5L9ui5w
2812,1MRWXUsIvKNwt5SdLxqhZA
2813,UO9rIZ_DjkoIcCB7SWaIvA
