,user
0,IO3AsR6cdMto7VCwfPzf2w
1,ChgmBht69bnqSdDxpWMAqQ
2,wbIU917ctOGp8-NdeVxIWw
3,9LwyHtKt5iRqlcFH-897aQ
4,EjhVxYFeMUYimoImjMduzQ
5,A3J10Z1KlbM9WrKj6NYLyQ
6,y5_vrqIylhXMrejM_-x_vA
7,fRbqoHAkgC5MeW3x15mezA
8,C8ZTiwa7qWoPSMIivTeSfw
9,0KXxuKxlspsO6CrDLgQJ-w
10,fczQCSmaWF78toLEmb0Zsw
11,8p4at4zdzCpueAmSBaorZA
12,glRXVWWD6x1EZKfjJawTOg
13,ZW8jy6ehrNzn9A5iCubVGg
14,-K3ZjROK0ml2P-Rk7ttHzA
15,fl6oI21uXoxVMwfR6lFanQ
16,i8KMQX7nekLSCzb_DVb6yA
17,GzCK2q4opam7eeyqlUDywg
18,-zaFQpPVefA_fjL5yvfnKQ
19,sSd714dapLtVY-Meaafq6w
20,xj6NkHKs40GSnhRrWOuzUQ
21,K0euQLFAcKhQPZ6JxGAryg
22,wY05e7eTtMLvkg0bcZ6zwA
23,gUr8qs00wFAk851yHMlgRQ
24,5MhbO-FbPPRkM1G9oZsdOQ
25,0bNXP9quoJEgyVZu9ipGgQ
26,AdFpuH7MSin8cKmpT3IbCA
27,8JC-Yb3UDUv2FUl5ym1nVg
28,sALB8-F04S9VcZMF_GkGUA
29,uZbTb-u-GVjTa2gtQfry5g
30,2l2lRFuHLdyGjAuusqPDag
31,usQTOj7LQ9v0Fl98gRa3Iw
32,sbvSyNtI7Sgp7k4qzf2reg
33,4ozupHULqGyO42s3zNUzOQ
34,n9Zg0jlOGtxfIrvoPm6Hhw
35,GfzK4sxuBSrBpkZ6ZyEK1Q
36,4p-qAdc_ZLXfieNwaZGNGA
37,kGgAARL2UmvCcTRfiscjug
38,ru8p3RTlk8f9LB_3zLXURQ
39,vtNbl9jTi-AgyVJy76pGzA
40,vsR6VM-x-phiOsjU6QQEuA
41,PV5voYSD43Cn_3gHmxG7DA
42,rzHZ3iYVQe_8h2e42DbUsw
43,D5J4mKahKvUBJUTWanZwdA
44,61HRMKC0sxwrpw_OUltiGg
45,f3r3W8YPUcgRB41J8JE5EA
46,JffajLV-Dnn-eGYgdXDxFg
47,KCQUgDM3vNuB5xn4ZXVo-A
48,Yw-Q_4QrwWffjnHWLvo4kw
49,oyKF6Zs4aEYjsFVV9nT2AQ
50,c7Feo4TxZqwCvQ0rtk3igQ
51,gsdSJTKtaLtjynSD6hgQVw
52,XjfKBr96h6GgrfkR_q6gIA
53,F6QsMoJdvtohlbnST-fDyQ
54,zTWH9b_ItSdLOK9ypeFOIw
55,ST8Yzlk2MqKlcaLqL2djBg
56,cSAACR699NuLMqBPuKL8nw
57,lpZtfD-vCqUER1yGKEvUPw
58,U8l76MT2Ej32cFKfFI24fA
59,ia1nTRAQEaFWv0cwADeK7g
60,bCLFdVfkAiZ7t1xDskb66Q
61,OAd-vbR_POac1zHtu-Y2Zg
62,KJDymAcoPiW_vuqthGxfpQ
63,wLDWtFpyh0hr3wfpj_lxWg
